3.250000 0.008596845 -0.018266249 0.171380475 0.014926480 -0.001394824 -0.006223690 0.999868274
3.300000 0.008635562 -0.007856789 0.249481380 0.023079617 0.003944645 -0.005732409 0.999709427
3.350000 0.012508743 -0.013079582 0.324154824 0.024650741 0.012450124 -0.004498339 0.999608457
3.400000 -0.004374762 -0.003011908 0.376719445 0.026598576 0.027946465 0.000018567 0.999255478
3.450000 -0.019729745 0.006678708 0.429820925 0.028539376 0.043435417 0.004535468 0.998638272
3.500000 -0.033536833 0.016005121 0.483410388 0.030472629 0.058912881 0.009051170 0.997756958
3.550000 -0.045778297 0.024980571 0.537438452 0.032397818 0.074374765 0.013564480 0.996611714
3.600000 -0.056438074 0.033618666 0.591855288 0.034314442 0.089816980 0.018074203 0.995202899
3.650000 -0.065501720 0.041933358 0.646610737 0.036222000 0.105235457 0.022579148 0.993530989
3.700000 -0.072956569 0.049938969 0.701654077 0.038119975 0.120626099 0.027078122 0.991596282
3.750000 -0.078791589 0.057650156 0.756934524 0.040007867 0.135984838 0.031569932 0.989399254
3.800000 -0.082997456 0.065081842 0.812400937 0.041885182 0.151307628 0.036053393 0.986940682
3.850000 -0.085566618 0.072249271 0.868001878 0.043751422 0.166590393 0.040527318 0.984221041
3.900000 -0.086493216 0.079167999 0.923685908 0.045606092 0.181829110 0.044990525 0.981241107
3.950000 -0.085773081 0.085853785 0.979401410 0.047448698 0.197019756 0.049441837 0.978001773
4.000000 -0.083403945 0.092322670 1.035096884 0.049278751 0.212158263 0.053880066 0.974503696
4.050000 -0.079385221 0.098590925 1.090720654 0.051095773 0.227240682 0.058304053 0.970747948
4.100000 -0.073717907 0.104674973 1.146221399 0.052899286 0.242263019 0.062712625 0.966735482
4.150000 -0.066405080 0.110591561 1.201547384 0.054688808 0.257221252 0.067104600 0.962467313
4.200000 -0.057451092 0.116357416 1.256647587 0.056463875 0.272111505 0.071478836 0.957944691
4.250000 -0.046862409 0.121989608 1.311470985 0.058224011 0.286929786 0.075834170 0.953168690
4.300000 -0.034646988 0.127505332 1.365967035 0.059968751 0.301672190 0.080169454 0.948140621
4.350000 -0.020814613 0.132921830 1.420085192 0.061697632 0.316334814 0.084483542 0.942861795
4.400000 -0.005377144 0.138256550 1.473775625 0.063410185 0.330913723 0.088775285 0.937333584
4.450000 0.011652738 0.143526852 1.526988864 0.065105982 0.345405191 0.093043566 0.931557536
4.500000 0.030259728 0.148750335 1.579676032 0.066784553 0.359805286 0.097287238 0.925535083
4.550000 0.050427496 0.153944522 1.631788611 0.068445474 0.374110252 0.101505183 0.919267952
4.600000 0.072137564 0.159127086 1.683278680 0.070088275 0.388316244 0.105696276 0.912757635
4.650000 0.095370293 0.164315641 1.734099388 0.071712546 0.402419537 0.109859414 0.906005979
4.700000 0.120104074 0.169527903 1.784203768 0.073317848 0.416416377 0.113993496 0.899014652
4.750000 0.146316051 0.174781337 1.833546400 0.074903771 0.430303127 0.118097439 0.891785622
4.800000 0.173981786 0.180093437 1.882082701 0.076469891 0.444076091 0.122170150 0.884320796
4.850000 0.203074932 0.185481757 1.929768443 0.078015782 0.457731634 0.126210555 0.876622081
4.900000 0.285533577 0.176647663 1.982992649 0.070889391 0.441676736 0.124741554 0.885627389
4.950000 0.348357648 0.185735658 2.017719269 0.075358309 0.440080106 0.124178879 0.886132240
5.000000 0.411155850 0.194221273 2.052644491 0.079825483 0.438473284 0.123613328 0.886616528
5.050000 0.473923951 0.202103123 2.087763786 0.084290810 0.436856300 0.123044923 0.887080371
5.100000 0.536659181 0.209379822 2.123071909 0.088754192 0.435229272 0.122473687 0.887523770
5.150000 0.599357784 0.216050133 2.158564329 0.093215533 0.433592170 0.121899612 0.887946665
5.200000 0.662015915 0.222112983 2.194236279 0.097674713 0.431944996 0.121322706 0.888348997
5.250000 0.724630415 0.227567032 2.230082989 0.102131650 0.430287898 0.120743006 0.888730884
5.300000 0.787197471 0.232411280 2.266099930 0.106586240 0.428620845 0.120160513 0.889092267
5.350000 0.849713564 0.236644566 2.302282333 0.111038364 0.426943868 0.119575247 0.889433146
5.400000 0.912174940 0.240266189 2.338625431 0.115487918 0.425256968 0.118987210 0.889753401
5.450000 0.974578261 0.243275046 2.375123978 0.119934820 0.423560262 0.118396424 0.890053153
5.500000 1.036919951 0.245670170 2.411772966 0.124378964 0.421853840 0.117802918 0.890332401
5.550000 1.099196196 0.247450724 2.448567152 0.128820240 0.420137644 0.117206685 0.890591025
5.600000 1.161403418 0.248616144 2.485502243 0.133258536 0.418411732 0.116607748 0.890829086
5.650000 1.223538280 0.249165580 2.522573471 0.137693778 0.416676193 0.116006128 0.891046584
5.700000 1.285597086 0.249098539 2.559775352 0.142125830 0.414931029 0.115401827 0.891243517
5.750000 1.347576141 0.248414487 2.597103119 0.146554604 0.413176268 0.114794858 0.891419828
5.800000 1.409472227 0.247112781 2.634552002 0.150979996 0.411411971 0.114185236 0.891575575
5.850000 1.471282244 0.245192990 2.672117233 0.155401900 0.409638196 0.113572985 0.891710758
5.900000 1.533002019 0.242654607 2.709793568 0.159820214 0.407854915 0.112958103 0.891825318
5.950000 1.594628096 0.239497334 2.747576237 0.164234832 0.406062216 0.112340607 0.891919315
6.000000 1.656157613 0.235720992 2.785460234 0.168645665 0.404260159 0.111720517 0.891992688
6.050000 1.717586279 0.231325403 2.823440313 0.173052609 0.402448773 0.111097850 0.892045438
6.100000 1.778910875 0.226310283 2.861511707 0.177455559 0.400628120 0.110472620 0.892077625
6.150000 1.840127707 0.220675379 2.899668694 0.181854412 0.398798198 0.109844841 0.892089188
6.200000 1.901233673 0.214420915 2.937906742 0.186249077 0.396959096 0.109214537 0.892080188
6.250000 1.962225437 0.207546577 2.976220608 0.190639451 0.395110816 0.108581699 0.892050505
6.300000 2.023099422 0.200052381 3.014605045 0.195025429 0.393253416 0.107946359 0.892000318
6.350000 2.083851814 0.191938847 3.053054810 0.199406877 0.391386926 0.107308522 0.891929448
6.400000 2.144479036 0.183206052 3.091566563 0.203783721 0.389511406 0.106668204 0.891837955
6.450000 2.204978466 0.173853889 3.130133629 0.208155870 0.387626946 0.106025435 0.891725957
6.500000 2.265346050 0.163882941 3.168751478 0.212523192 0.385733485 0.105380215 0.891593337
6.550000 2.325577974 0.153293610 3.207415104 0.216885582 0.383831084 0.104732551 0.891440094
6.600000 2.385671616 0.142086208 3.246119976 0.221242979 0.381919831 0.104082473 0.891266346
6.650000 2.445623636 0.130260974 3.284860134 0.225595251 0.379999757 0.103429988 0.891071975
6.700000 2.505430937 0.117818266 3.323630810 0.229942322 0.378070921 0.102775119 0.890857041
6.750000 2.565090179 0.104759119 3.362425566 0.234284073 0.376133382 0.102117881 0.890621543
6.800000 2.624598026 0.091084152 3.401240349 0.238620400 0.374187171 0.101458274 0.890365422
6.850000 2.683950424 0.076794192 3.440070629 0.242951199 0.372232318 0.100796327 0.890088737
6.900000 2.743145227 0.061889071 3.478911638 0.247276410 0.370268881 0.100132063 0.889791608
6.950000 2.802178621 0.046370089 3.517756939 0.251595885 0.368296862 0.099465474 0.889473796
7.000000 2.861047268 0.030237766 3.556601524 0.255909592 0.366316378 0.098796599 0.889135480
7.050000 2.919747114 0.013493450 3.595441580 0.260217369 0.364327401 0.098125443 0.888776660
7.100000 2.978276491 -0.003861791 3.634271860 0.264519155 0.362330019 0.097452022 0.888397276
7.150000 3.036631346 -0.021827284 3.673086882 0.268814862 0.360324293 0.096776351 0.887997389
7.200000 3.094809055 -0.040402360 3.711881638 0.273104399 0.358310252 0.096098453 0.887576997
7.250000 3.152805328 -0.059584983 3.750650883 0.277387619 0.356287897 0.095418327 0.887136102
7.300000 3.210617304 -0.079374172 3.789389610 0.281664431 0.354257315 0.094736002 0.886674762
7.350000 3.268241644 -0.099768206 3.828091621 0.285934716 0.352218539 0.094051488 0.886192918
7.400000 3.325675964 -0.120766491 3.866753101 0.290198416 0.350171626 0.093364805 0.885690570
7.450000 3.382916451 -0.142367139 3.905368805 0.294455409 0.348116636 0.092675969 0.885167778
7.500000 3.439961433 -0.164569825 3.943933487 0.298705608 0.346053630 0.091985002 0.884624660
7.550000 3.496806383 -0.187371537 3.982441664 0.302948833 0.343982607 0.091291897 0.884060979
7.600000 3.553448439 -0.210770875 4.020888805 0.307185054 0.341903657 0.090596691 0.883476913
7.650000 3.609886169 -0.234767795 4.059270382 0.311414212 0.339816868 0.089899391 0.882872522
7.700000 3.666115284 -0.259359956 4.097580433 0.315636158 0.337722212 0.089200012 0.882247686
7.750000 3.722132683 -0.284545720 4.135814667 0.319850832 0.335619748 0.088498563 0.881602466
7.800000 3.777935266 -0.310322911 4.173967838 0.324058145 0.333509505 0.087795064 0.880936921
7.850000 3.833519936 -0.336690396 4.212034225 0.328257978 0.331391543 0.087089531 0.880251050
7.900000 3.888883591 -0.363645613 4.250009537 0.332450211 0.329265922 0.086381987 0.879544795
7.950000 3.944023371 -0.391186595 4.287888527 0.336634755 0.327132672 0.085672453 0.878818214
8.000000 3.998937368 -0.419312358 4.325666428 0.340811551 0.324991912 0.084960938 0.878071427
8.050000 4.053622246 -0.448020607 4.363337517 0.344980508 0.322843641 0.084247455 0.877304316
8.100000 4.108075142 -0.477308452 4.400897980 0.349141479 0.320687920 0.083532028 0.876516938
8.150000 4.162293434 -0.507174611 4.438342094 0.353294402 0.318524808 0.082814679 0.875709355
8.200000 4.216274261 -0.537616670 4.475665092 0.357439160 0.316354305 0.082095407 0.874881506
8.250000 4.270014763 -0.568632126 4.512862206 0.361575663 0.314176500 0.081374250 0.874033451
8.300000 4.323511124 -0.600218356 4.549927711 0.365703791 0.311991423 0.080651216 0.873165250
8.350000 4.376761436 -0.632373452 4.586856842 0.369823486 0.309799135 0.079926312 0.872276902
8.400000 4.429763317 -0.665094972 4.623645782 0.373934597 0.307599694 0.079199560 0.871368408
8.450000 4.482513905 -0.698380172 4.660288334 0.378037035 0.305393159 0.078470983 0.870439768
8.500000 4.535010815 -0.732226372 4.696779251 0.382130772 0.303179622 0.077740595 0.869491041
8.550000 4.587251663 -0.766632378 4.733115196 0.386215687 0.300959080 0.077008419 0.868522227
8.600000 4.639233112 -0.801595032 4.769289970 0.390291691 0.298731595 0.076274469 0.867533386
8.650000 4.690951824 -0.837111592 4.805299759 0.394358665 0.296497166 0.075538747 0.866524458
8.700000 4.742406368 -0.873179436 4.841139317 0.398416549 0.294255912 0.074801289 0.865495563
8.750000 4.793593407 -0.909796000 4.876803875 0.402465194 0.292007834 0.074062102 0.864446640
8.800000 4.844511986 -0.946959376 4.912288666 0.406504571 0.289753020 0.073321216 0.863377869
8.850000 4.895158768 -0.984665394 4.947587967 0.410534531 0.287491471 0.072578639 0.862289071
8.900000 4.945531368 -1.022911787 4.982698441 0.414555043 0.285223305 0.071834378 0.861180365
8.950000 4.995626450 -1.061695814 5.017614365 0.418566018 0.282948554 0.071088463 0.860051811
9.000000 5.045442104 -1.101014256 5.052330971 0.422567338 0.280667245 0.070340902 0.858903348
9.050000 5.094975948 -1.140863180 5.086843491 0.426558912 0.278379470 0.069591716 0.857735038
9.100000 5.144224167 -1.181239247 5.121148109 0.430540651 0.276085258 0.068840921 0.856546938
9.150000 5.193186283 -1.222140074 5.155240059 0.434512436 0.273784667 0.068088531 0.855339050
9.200000 5.241859436 -1.263561964 5.189115524 0.438474149 0.271477729 0.067334570 0.854111373
9.250000 5.290242195 -1.305502415 5.222767830 0.442425758 0.269164592 0.066579074 0.852864087
9.300000 5.338330746 -1.347956896 5.256194115 0.446367115 0.266845226 0.065822043 0.851597011
9.350000 5.386124134 -1.390923738 5.289388657 0.450298190 0.264519721 0.065063499 0.850310326
9.400000 5.433619499 -1.434398174 5.322346687 0.454218864 0.262188107 0.064303458 0.849004030
9.450000 5.480814457 -1.478376508 5.355063915 0.458128989 0.259850413 0.063541926 0.847678006
9.500000 5.527707577 -1.522857308 5.387536049 0.462028593 0.257506728 0.062778935 0.846332490
9.550000 5.574296951 -1.567836404 5.419759274 0.465917557 0.255157113 0.062014490 0.844967425
9.600000 5.620579243 -1.613309264 5.451728344 0.469795734 0.252801597 0.061248612 0.843582809
9.650000 5.666553974 -1.659273863 5.483438492 0.473663062 0.250440270 0.060481325 0.842178762
9.700000 5.712218285 -1.705724359 5.514885426 0.477519423 0.248073146 0.059712641 0.840755284
9.750000 5.757569790 -1.752657294 5.546065807 0.481364697 0.245700270 0.058942575 0.839312315
9.800000 5.802606106 -1.800070763 5.576973915 0.485198915 0.243321747 0.058171157 0.837850034
9.850000 5.847326279 -1.847960472 5.607605457 0.489021927 0.240937591 0.057398401 0.836368442
9.900000 5.891728401 -1.896320343 5.637956619 0.492833614 0.238547847 0.056624312 0.834867477
9.950000 5.935809135 -1.945148230 5.668023109 0.496633947 0.236152589 0.055848911 0.833347201
10.000000 5.979568005 -1.994441271 5.697801590 0.500422835 0.233751893 0.055072226 0.831807733
10.050000 6.023002625 -2.044193029 5.727288723 0.504200161 0.231345788 0.054294258 0.830248952
10.100000 6.066113472 -2.094404697 5.756477833 0.507965922 0.228934377 0.053515039 0.828671157
10.150000 6.117233276 -2.175402641 5.789896011 0.499742150 0.231256291 0.057765678 0.832731307
10.200000 6.140400887 -2.249312639 5.824157715 0.498585165 0.235962480 0.057068434 0.832152486
10.250000 6.180101871 -2.314403772 5.862212181 0.501148343 0.234779388 0.055451799 0.831055999
10.300000 6.215439320 -2.385188103 5.888011456 0.504241168 0.237809107 0.049970657 0.828667998
10.350000 6.250566483 -2.456346750 5.913058758 0.507306576 0.240825862 0.044486787 0.826234818
10.400000 6.285471439 -2.527873993 5.937355995 0.510344326 0.243829474 0.039000489 0.823756576
10.450000 6.320142269 -2.599761963 5.960904598 0.513354242 0.246819809 0.033512067 0.821233451
10.500000 6.354568481 -2.672007799 5.983705044 0.516336203 0.249796703 0.028021827 0.818665624
10.550000 6.388735771 -2.744604111 6.005760193 0.519289970 0.252759963 0.022530057 0.816053152
10.600000 6.422636509 -2.817548037 6.027070522 0.522215486 0.255709499 0.017037064 0.813396275
10.650000 6.456256866 -2.890831470 6.047639370 0.525112510 0.258645087 0.011543142 0.810694993
10.700000 6.489586353 -2.964452028 6.067466259 0.527980983 0.261566609 0.006048597 0.807949603
10.750000 6.522613049 -3.038401842 6.086553574 0.530820668 0.264473855 0.000553728 0.805160105
10.800000 6.555325031 -3.112676144 6.104901791 0.533631444 0.267366707 -0.004941168 0.802326679
10.850000 6.587712288 -3.187270164 6.122514248 0.536413193 0.270245016 -0.010435799 0.799449623
10.900000 6.619762421 -3.262177467 6.139395237 0.539165676 0.273108572 -0.015929865 0.796528935
10.950000 6.651466370 -3.337393045 6.155545712 0.541888833 0.275957286 -0.021423070 0.793564856
11.000000 6.682811260 -3.412908792 6.170969486 0.544582427 0.278790921 -0.026915109 0.790557504
11.050000 6.713788033 -3.488721371 6.185671329 0.547246397 0.281609386 -0.032405682 0.787507176
11.100000 6.744384289 -3.564822674 6.199650764 0.549880505 0.284412473 -0.037894480 0.784413815
11.150000 6.774588585 -3.641206741 6.212912083 0.552484632 0.287200063 -0.043381210 0.781277716
11.200000 6.804392815 -3.717869282 6.225459576 0.555058658 0.289972037 -0.048865583 0.778099120
11.250000 6.833786011 -3.794803619 6.237296581 0.557602406 0.292728215 -0.054347303 0.774878144
11.300000 6.862757683 -3.872003078 6.248425484 0.560115755 0.295468450 -0.059826054 0.771614909
11.350000 6.891296864 -3.949462175 6.258852482 0.562598586 0.298192590 -0.065301538 0.768309712
11.400000 6.919392586 -4.027171135 6.268581390 0.565050721 0.300900429 -0.070773445 0.764962554
11.450000 6.947035789 -4.105127811 6.277615547 0.567472160 0.303591907 -0.076241508 0.761573792
11.500000 6.974215508 -4.183324337 6.285955906 0.569862664 0.306266814 -0.081705414 0.758143485
11.550000 7.000921249 -4.261750698 6.293610573 0.572222114 0.308925003 -0.087164871 0.754671812
11.600000 7.027143478 -4.340401649 6.300584793 0.574550390 0.311566383 -0.092619590 0.751159072
11.650000 7.052872658 -4.419272423 6.306881428 0.576847374 0.314190775 -0.098069251 0.747605383
11.700000 7.078098297 -4.498351574 6.312507153 0.579112887 0.316798002 -0.103513546 0.744010925
11.750000 7.102813721 -4.577637672 6.317468166 0.581346869 0.319388002 -0.108952202 0.740376055
11.800000 7.127006531 -4.657117844 6.321766376 0.583549082 0.321960539 -0.114384897 0.736700773
11.850000 7.150669098 -4.736789703 6.325409889 0.585719526 0.324515581 -0.119811371 0.732985437
11.900000 7.173789978 -4.816643715 6.328404427 0.587857962 0.327052891 -0.125231296 0.729230106
11.950000 7.196362495 -4.896676540 6.330753326 0.589964449 0.329572409 -0.130644411 0.725435078
12.000000 7.218378544 -4.976879597 6.332464695 0.592038751 0.332073987 -0.136050403 0.721600533
12.050000 7.239827156 -5.057245731 6.333543777 0.594080806 0.334557474 -0.141448975 0.717726648
12.100000 7.260699272 -5.137768745 6.333995342 0.596090436 0.337022722 -0.146839842 0.713813663
12.150000 7.280987740 -5.218441010 6.333827972 0.598067641 0.339469582 -0.152222708 0.709861815
12.200000 7.300684452 -5.299255848 6.333046913 0.600012243 0.341897935 -0.157597288 0.705871284
12.250000 7.319779873 -5.380205631 6.331658363 0.601924121 0.344307631 -0.162963286 0.701842308
12.300000 7.338266373 -5.461283684 6.329668999 0.603803217 0.346698552 -0.168320403 0.697775066
12.350000 7.356137276 -5.542484283 6.327088356 0.605649412 0.349070609 -0.173668355 0.693669856
12.400000 7.373383999 -5.623797417 6.323921204 0.607462585 0.351423651 -0.179006845 0.689526856
12.450000 7.389996529 -5.705214500 6.320174217 0.609242678 0.353757530 -0.184335575 0.685346246
12.500000 7.405966759 -5.786730289 6.315853119 0.610989571 0.356072128 -0.189654261 0.681128263
12.550000 7.421288490 -5.868335724 6.310964584 0.612703145 0.358367324 -0.194962621 0.676873207
12.600000 7.435956001 -5.950024605 6.305519104 0.614383340 0.360643029 -0.200260341 0.672581315
12.650000 7.449959755 -6.031789780 6.299522400 0.616030037 0.362899065 -0.205547124 0.668252707
12.700000 7.463294983 -6.113626480 6.292984009 0.617643237 0.365135372 -0.210822746 0.663887739
12.750000 7.475951195 -6.195521355 6.285907745 0.619222701 0.367351770 -0.216086850 0.659486532
12.800000 7.487924099 -6.277468681 6.278305054 0.620768428 0.369548142 -0.221339166 0.655049384
12.850000 7.499208450 -6.359467506 6.270181656 0.622280419 0.371724427 -0.226579443 0.650576591
12.900000 7.509794235 -6.441504002 6.261547089 0.623758495 0.373880416 -0.231807336 0.646068275
12.950000 7.519675255 -6.523573399 6.252405167 0.625202596 0.376016080 -0.237022594 0.641524732
13.000000 7.528845787 -6.605665207 6.242768288 0.626612604 0.378131241 -0.242224932 0.636946201
13.050000 7.537301540 -6.687777519 6.232646942 0.627988517 0.380225837 -0.247414082 0.632333040
13.100000 7.545037270 -6.769900322 6.222047806 0.629330218 0.382299691 -0.252589762 0.627685428
13.150000 7.552045822 -6.852022648 6.210980415 0.630637527 0.384352714 -0.257751644 0.623003542
13.200000 7.558321953 -6.934139252 6.199454308 0.631910503 0.386384785 -0.262899518 0.618287742
13.250000 7.563862801 -7.016244411 6.187479973 0.633149087 0.388395816 -0.268033057 0.613538325
13.300000 7.568658829 -7.098330021 6.175062180 0.634353101 0.390385658 -0.273151994 0.608755469
13.350000 7.572706223 -7.180390835 6.162211418 0.635522604 0.392354250 -0.278256059 0.603939474
13.400000 7.575994968 -7.262412071 6.148935318 0.636657417 0.394301355 -0.283344924 0.599090457
13.450000 7.578525543 -7.344392776 6.135239601 0.637757599 0.396227062 -0.288418412 0.594208837
13.500000 7.580296516 -7.426326275 6.121141434 0.638823092 0.398131192 -0.293476194 0.589294851
13.550000 7.581299305 -7.508202553 6.106646538 0.639853716 0.400013566 -0.298517972 0.584348738
13.600000 7.581530094 -7.590014935 6.091764450 0.640849531 0.401874125 -0.303543508 0.579370797
13.650000 7.580984116 -7.671751499 6.076505661 0.641810358 0.403712749 -0.308552474 0.574361205
13.700000 7.579664230 -7.753415108 6.060884476 0.642736316 0.405529439 -0.313544661 0.569320440
13.750000 7.577559471 -7.834989548 6.044903755 0.643627167 0.407323986 -0.318519741 0.564248621
13.800000 7.574665070 -7.916469574 6.028573990 0.644482970 0.409096330 -0.323477447 0.559146047
13.850000 7.570980549 -7.997850418 6.011906624 0.645303667 0.410846412 -0.328417540 0.554013014
13.900000 7.566501617 -8.079118729 5.994911194 0.646089137 0.412574112 -0.333339721 0.548849761
13.950000 7.561226845 -8.160270691 5.977598190 0.646839440 0.414279312 -0.338243723 0.543656647
14.000000 7.555150509 -8.241302490 5.959980011 0.647554517 0.415961891 -0.343129307 0.538433909
14.050000 7.548273087 -8.322206497 5.942064285 0.648234367 0.417621821 -0.347996205 0.533181846
14.100000 7.540593147 -8.402971268 5.923862457 0.648878872 0.419258982 -0.352844119 0.527900696
14.150000 7.532107353 -8.483592033 5.905383110 0.649487972 0.420873314 -0.357672840 0.522590816
14.200000 7.522811890 -8.564062119 5.886636734 0.650061727 0.422464728 -0.362482071 0.517252505
14.250000 7.512701988 -8.644371986 5.867633820 0.650600016 0.424033046 -0.367271513 0.511885941
14.300000 7.501781464 -8.724519730 5.848386765 0.651102901 0.425578296 -0.372040987 0.506491542
14.350000 7.490046024 -8.804492950 5.828903198 0.651570320 0.427100331 -0.376790166 0.501069546
14.400000 7.477491856 -8.884286880 5.809192657 0.652002275 0.428599060 -0.381518781 0.495620221
14.450000 7.464120865 -8.963891983 5.789272308 0.652398646 0.430074424 -0.386226594 0.490143895
14.500000 7.449933052 -9.043304443 5.769149780 0.652759492 0.431526363 -0.390913337 0.484640867
14.550000 7.434928417 -9.122520447 5.748837471 0.653084815 0.432954818 -0.395578802 0.479111463
14.600000 7.419103622 -9.201529503 5.728343964 0.653374553 0.434359640 -0.400222719 0.473555952
14.650000 7.402457714 -9.280327797 5.707678795 0.653628707 0.435740769 -0.404844820 0.467974663
14.700000 7.384993553 -9.358900070 5.686856270 0.653847158 0.437098116 -0.409444809 0.462367892
14.750000 7.366707802 -9.437246323 5.665884972 0.654030025 0.438431710 -0.414022505 0.456735969
14.800000 7.347602367 -9.515357971 5.644776344 0.654177248 0.439741433 -0.418577641 0.451079160
14.850000 7.327673435 -9.593229294 5.623541832 0.654288828 0.441027194 -0.423109978 0.445397764
14.900000 7.306921005 -9.670847893 5.602188110 0.654364705 0.442288876 -0.427619249 0.439692050
14.950000 7.285351276 -9.748215675 5.580731392 0.654404998 0.443526506 -0.432105273 0.433962405
15.000000 7.262961388 -9.825323105 5.559179306 0.654409587 0.444739968 -0.436567754 0.428209096
15.050000 7.239754677 -9.902168274 5.537545204 0.654378533 0.445929199 -0.441006452 0.422432482
15.100000 7.215729713 -9.978739738 5.515839577 0.654311836 0.447094113 -0.445421129 0.416632831
15.150000 7.190890789 -10.055031776 5.494071007 0.654209495 0.448234677 -0.449811548 0.410810471
15.200000 7.165235043 -10.131039619 5.472250938 0.654071510 0.449350804 -0.454177469 0.404965729
15.250000 7.138766766 -10.206753731 5.450395584 0.653897822 0.450442433 -0.458518595 0.399098903
15.300000 7.111488342 -10.282168388 5.428510666 0.653688550 0.451509535 -0.462834775 0.393210351
15.350000 7.083401680 -10.357283592 5.406608582 0.653443694 0.452552050 -0.467125744 0.387300402
15.400000 7.054503441 -10.432088852 5.384699821 0.653163195 0.453569859 -0.471391201 0.381369293
15.450000 7.024803162 -10.506589890 5.362798691 0.652847230 0.454563022 -0.475631028 0.375417441
15.500000 6.994290352 -10.580760002 5.340912819 0.652495623 0.455531299 -0.479844838 0.369445056
15.550000 6.962978363 -10.654604912 5.319053650 0.652108550 0.456474811 -0.484032542 0.363452584
15.600000 6.930863857 -10.728109360 5.297235489 0.651685894 0.457393408 -0.488193810 0.357440263
15.650000 6.897958755 -10.801285744 5.275468349 0.651227832 0.458287150 -0.492328554 0.351408511
15.700000 6.864256859 -10.874113083 5.253760338 0.650734186 0.459155887 -0.496436417 0.345357597
15.750000 6.829766750 -10.946591377 5.232126713 0.650205076 0.459999621 -0.500517249 0.339287907
15.800000 6.794488907 -11.018712044 5.210577488 0.649640501 0.460818291 -0.504570782 0.333199769
15.850000 6.758431435 -11.090474129 5.189122677 0.649040580 0.461611897 -0.508596838 0.327093512
15.900000 6.721592426 -11.161868095 5.167772770 0.648405254 0.462380290 -0.512595177 0.320969403
15.950000 6.683979988 -11.232889175 5.146539211 0.647734582 0.463123500 -0.516565621 0.314827800
16.000000 6.645600319 -11.303538322 5.125432968 0.647028625 0.463841528 -0.520507932 0.308669060
16.050000 6.606453896 -11.373806000 5.104464531 0.646287382 0.464534253 -0.524421811 0.302493483
16.100000 6.566543579 -11.443687439 5.083646297 0.645510972 0.465201646 -0.528307140 0.296301454
16.150000 6.525881767 -11.513185501 5.062989235 0.644699454 0.465843707 -0.532163739 0.290093303
16.200000 6.484464645 -11.582284927 5.042500973 0.643852770 0.466460347 -0.535991251 0.283869356
16.250000 6.442299366 -11.650983810 5.022196293 0.642971039 0.467051566 -0.539789617 0.277629912
16.300000 6.399392605 -11.719275475 5.002085209 0.642054200 0.467617333 -0.543558538 0.271375328
16.350000 6.355753899 -11.787161827 4.982178211 0.641102433 0.468157649 -0.547297895 0.265105963
16.400000 6.311381817 -11.854633331 4.962487221 0.640115738 0.468672454 -0.551007450 0.258822143
16.450000 6.266283989 -11.921681404 4.943021774 0.639094055 0.469161689 -0.554686904 0.252524167
16.500000 6.220473289 -11.988317490 4.923792362 0.638037682 0.469625413 -0.558336258 0.246212482
16.550000 6.173949718 -12.054532051 4.904808044 0.636946499 0.470063508 -0.561955214 0.239887357
16.600000 6.126714706 -12.120313644 4.886080742 0.635820568 0.470475972 -0.565543532 0.233549163
16.650000 6.078774929 -12.185655594 4.867618084 0.634660006 0.470862806 -0.569101036 0.227198243
16.700000 6.030137062 -12.250556946 4.849431992 0.633464813 0.471223980 -0.572627485 0.220834926
16.750000 6.044993401 -12.293808937 4.805893898 0.631095827 0.463657588 -0.584373116 0.212715179
16.800000 6.057949066 -12.337826729 4.762506962 0.628558517 0.455967546 -0.595962942 0.204538718
16.850000 6.068984509 -12.382557869 4.719321728 0.625853539 0.448155850 -0.607393742 0.196307689
16.900000 6.078080654 -12.427947044 4.676387787 0.622981548 0.440224528 -0.618662477 0.188024253
16.950000 6.085241795 -12.473961830 4.633753777 0.619943440 0.432175845 -0.629766226 0.179690689
17.000000 6.090461731 -12.520557404 4.591470718 0.616739929 0.424011886 -0.640702009 0.171309203
17.050000 6.093732357 -12.567684174 4.549586296 0.613371849 0.415734798 -0.651466906 0.162882015
17.100000 6.095048904 -12.615292549 4.508147240 0.609840155 0.407346785 -0.662057996 0.154411390
17.150000 6.094415665 -12.663336754 4.467200756 0.606145859 0.398850113 -0.672472477 0.145899564
17.200000 6.091834068 -12.711771011 4.426798344 0.602289855 0.390247017 -0.682707548 0.137348801
17.250000 6.087310791 -12.760543823 4.386981964 0.598273158 0.381539851 -0.692760527 0.128761411
17.300000 6.080850601 -12.809604645 4.347799778 0.594096899 0.372730911 -0.702628732 0.120139673
17.350000 6.072461128 -12.858906746 4.309295654 0.589762151 0.363822520 -0.712309480 0.111485876
17.400000 6.062151432 -12.908400536 4.271512032 0.585270047 0.354817092 -0.721800208 0.102802336
17.450000 6.049939156 -12.958036423 4.234496593 0.580621839 0.345717013 -0.731098413 0.094091363
17.500000 6.035840988 -13.007768631 4.198290825 0.575818777 0.336524725 -0.740201652 0.085355282
17.550000 6.019867897 -13.057540894 4.162935734 0.570862055 0.327242643 -0.749107420 0.076596424
17.600000 6.002035618 -13.107297897 4.128472805 0.565753043 0.317873269 -0.757813275 0.067817129
17.650000 5.982368469 -13.156999588 4.094941616 0.560493171 0.308419108 -0.766317010 0.059019752
17.700000 5.960893631 -13.206597328 4.062381268 0.555083811 0.298882693 -0.774616301 0.050206628
17.750000 5.937634468 -13.256043434 4.030831337 0.549526393 0.289266557 -0.782709002 0.041380115
17.800000 5.912616730 -13.305281639 4.000328064 0.543822348 0.279573262 -0.790592909 0.032542575
17.850000 5.885864258 -13.354262352 3.970905781 0.537973225 0.269805402 -0.798265874 0.023696348
17.900000 5.857406616 -13.402939796 3.942600250 0.531980634 0.259965569 -0.805725873 0.014843798
17.950000 5.827285767 -13.451272964 3.915444374 0.525846183 0.250056416 -0.812970996 0.005987287
18.000000 5.795526505 -13.499203682 3.889471292 0.519571424 0.240080521 -0.819999158 -0.002870820
18.050000 5.762171745 -13.546690941 3.864714146 0.513158143 0.230040595 -0.826808691 -0.011728161
18.100000 5.727255821 -13.593683243 3.841198683 0.506607890 0.219939306 -0.833397686 -0.020582376
18.150000 5.690809250 -13.640124321 3.818953276 0.499922484 0.209779322 -0.839764297 -0.029431099
18.200000 5.652876854 -13.685973167 3.798006058 0.493103713 0.199563369 -0.845906854 -0.038271971
18.250000 5.613508224 -13.731193542 3.778383493 0.486153424 0.189294219 -0.851823926 -0.047102638
18.300000 5.572741508 -13.775737762 3.760107994 0.479073435 0.178974569 -0.857513726 -0.055920742
18.350000 5.530616760 -13.819547653 3.743203878 0.471865594 0.168607175 -0.862974703 -0.064723939
18.400000 5.487187386 -13.862596512 3.727692842 0.464531928 0.158194825 -0.868205547 -0.073509879
18.450000 5.442501068 -13.904829979 3.713593006 0.457074314 0.147740275 -0.873204768 -0.082276203
18.500000 5.396604538 -13.946213722 3.700922251 0.449494749 0.137246326 -0.877971053 -0.091020577
18.550000 5.349555969 -13.986707687 3.689699411 0.441795319 0.126715779 -0.882503152 -0.099740684
18.600000 5.301403999 -14.026273727 3.679939270 0.433978051 0.116151422 -0.886799872 -0.108434193
18.650000 5.252198219 -14.064868927 3.671655178 0.426045030 0.105556078 -0.890860021 -0.117098771
18.700000 5.201989174 -14.102446556 3.664860010 0.417998344 0.094932571 -0.894682467 -0.125732109
18.750000 5.150835037 -14.138971329 3.659563780 0.409840167 0.084283739 -0.898266256 -0.134331912
18.800000 5.098793983 -14.174417496 3.655775785 0.401572704 0.073612429 -0.901610494 -0.142895877
18.850000 5.045921326 -14.208741188 3.653501034 0.393198103 0.062921479 -0.904714167 -0.151421726
18.900000 4.992272377 -14.241908073 3.652744770 0.384718567 0.052213743 -0.907576501 -0.159907192
18.950000 4.937911034 -14.273897171 3.653512478 0.376136392 0.041492075 -0.910196781 -0.168349996
19.000000 4.882902145 -14.304672241 3.655808449 0.367453903 0.030759335 -0.912574291 -0.176747888
19.050000 4.827296257 -14.334197998 3.659630537 0.358673394 0.020018386 -0.914708316 -0.185098618
19.100000 4.771158218 -14.362451553 3.664979458 0.349797219 0.009272099 -0.916598380 -0.193399981
19.150000 4.714544296 -14.389392853 3.671850204 0.340827674 -0.001476657 -0.918243825 -0.201649725
19.200000 4.657520294 -14.415012360 3.680241585 0.331767261 -0.012225016 -0.919644415 -0.209845692
19.250000 4.600151062 -14.439288139 3.690148115 0.322618365 -0.022970116 -0.920799732 -0.217985705
19.300000 4.542499542 -14.462190628 3.701560497 0.313383371 -0.033709086 -0.921709359 -0.226067558
19.350000 4.501073837 -14.438190460 3.784381628 -0.307730615 0.037412710 0.924406469 0.222204670
19.400000 4.460673332 -14.413872719 3.867620707 0.302056998 -0.041113798 -0.927040815 -0.218326688
19.450000 4.411889076 -14.357145309 3.938772202 -0.280582517 0.036226027 0.932011902 0.226528123
19.500000 4.360794067 -14.356489182 4.013130188 -0.264342755 0.034714341 0.934878349 0.234350964
19.550000 4.337665558 -14.336138725 4.089114666 -0.249016717 0.027879907 0.938835979 0.236221343
19.600000 4.301834106 -14.324893951 4.156561852 -0.229928270 0.023573734 0.943962634 0.235609591
19.650000 4.263050079 -14.297174454 4.218742371 -0.212250561 0.016232766 0.949377298 0.231017172
19.700000 4.228558540 -14.279287338 4.286826611 -0.199880555 0.010942176 0.953395903 0.225752875
19.750000 4.186931610 -14.262950897 4.351089001 -0.186336398 0.008846877 0.957330704 0.220722616
19.800000 4.159177780 -14.252849579 4.426891804 -0.175989926 0.008876234 0.959672391 0.219038144
19.850000 4.124762535 -14.248374939 4.499452591 -0.165861487 0.011213738 0.960867167 0.221581802
19.900000 4.104670525 -14.229772568 4.579017162 -0.162778884 0.009340180 0.960734546 0.224510461
19.950000 4.044642448 -14.232816696 4.646492004 -0.152117878 0.010990659 0.960626364 0.232242048
20.000000 4.008751869 -14.219141006 4.714219093 -0.148613900 0.003533348 0.961557031 0.230888665
20.050000 3.981382370 -14.208269119 4.790318012 -0.148799166 -0.004361802 0.963584125 0.222138315
20.100000 3.958754539 -14.207548141 4.863300323 -0.148538247 -0.008969232 0.965591848 0.213280067
20.150000 3.936045647 -14.207729340 4.936261177 -0.148261905 -0.013575730 0.967499316 0.204399675
20.200000 3.913275719 -14.208812714 5.009193897 -0.147970170 -0.018180819 0.969306409 0.195498079
20.250000 3.890457153 -14.210794449 5.082093239 -0.147663087 -0.022784019 0.971012831 0.186576173
20.300000 3.867604256 -14.213666916 5.154953957 -0.147340670 -0.027384853 0.972618461 0.177634910
20.350000 3.844742775 -14.217448235 5.227769375 -0.147002950 -0.031982847 0.974123240 0.168675229
20.400000 3.821880341 -14.222122192 5.300534725 -0.146649972 -0.036577515 0.975526750 0.159698024
20.450000 3.799049377 -14.227696419 5.373245239 -0.146281794 -0.041168388 0.976829112 0.150704235
20.500000 3.776253700 -14.234168053 5.445893764 -0.145898446 -0.045754988 0.978030086 0.141694814
20.550000 3.753513336 -14.241527557 5.518475533 -0.145499945 -0.050336841 0.979129434 0.132670671
20.600000 3.730850220 -14.249786377 5.590983868 -0.145086363 -0.054913476 0.980127275 0.123632781
20.650000 3.708279610 -14.258936882 5.663414001 -0.144657716 -0.059484407 0.981023312 0.114582047
20.700000 3.685821533 -14.268986702 5.735759735 -0.144214064 -0.064049169 0.981817544 0.105519436
20.750000 3.663491249 -14.279930115 5.808015347 -0.143755451 -0.068607293 0.982509911 0.096445873
20.800000 3.641302109 -14.291750908 5.880177498 -0.143281907 -0.073158287 0.983100176 0.087362297
20.850000 3.619278908 -14.304458618 5.952239513 -0.142793506 -0.077701695 0.983588576 0.078269660
20.900000 3.597433090 -14.318041801 6.024196148 -0.142290294 -0.082237028 0.983974814 0.069168888
20.950000 3.575776100 -14.332482338 6.096042633 -0.141772285 -0.086763807 0.984258771 0.060060922
21.000000 3.554334641 -14.347794533 6.167772293 -0.141239569 -0.091281593 0.984440684 0.050946731
21.050000 3.533123970 -14.363977432 6.239380360 -0.140692189 -0.095789902 0.984520435 0.041827258
21.100000 3.512160778 -14.381021500 6.310860634 -0.140130222 -0.100288279 0.984498024 0.032703444
21.150000 3.491462708 -14.398916245 6.382208824 -0.139553696 -0.104776226 0.984373331 0.023576230
21.200000 3.471045494 -14.417660713 6.453419685 -0.138962701 -0.109253295 0.984146535 0.014446571
21.250000 3.450927734 -14.437249184 6.524488449 -0.138357267 -0.113719016 0.983817577 0.005315412
21.300000 3.431124687 -14.457670212 6.595410824 -0.137737468 -0.118172944 0.983386517 -0.003816299
21.350000 3.411651134 -14.478918076 6.666181564 -0.137103379 -0.122614607 0.982853413 -0.012947614
21.400000 3.392521381 -14.500982285 6.736793518 -0.136455044 -0.127043545 0.982218266 -0.022077585
21.450000 3.373749733 -14.523843765 6.807244778 -0.135792524 -0.131459281 0.981481075 -0.031205261
21.500000 3.355355501 -14.547512054 6.877531528 -0.135115936 -0.135861397 0.980642080 -0.040329702
21.550000 3.337356567 -14.571983337 6.947645187 -0.134425342 -0.140249416 0.979701340 -0.049449962
21.600000 3.319764853 -14.597235680 7.017584801 -0.133720800 -0.144622877 0.978658855 -0.058565084
21.650000 3.302597046 -14.623266220 7.087343216 -0.133002371 -0.148981333 0.977514803 -0.067674130
21.700000 3.285867214 -14.650066376 7.156916142 -0.132270128 -0.153324336 0.976269305 -0.076776154
21.750000 3.269592285 -14.677626610 7.226300716 -0.131524146 -0.157651410 0.974922478 -0.085870199
21.800000 3.253784180 -14.705931664 7.295492172 -0.130764514 -0.161962122 0.973474443 -0.094955333
21.850000 3.238458633 -14.734972954 7.364484787 -0.129991293 -0.166256025 0.971925378 -0.104030609
21.900000 3.223628759 -14.764734268 7.433276653 -0.129204571 -0.170532674 0.970275402 -0.113095090
21.950000 3.209309578 -14.795208931 7.501864433 -0.128404438 -0.174791619 0.968524754 -0.122147828
22.000000 3.195513964 -14.826386452 7.570242882 -0.127590969 -0.179032415 0.966673553 -0.131187886
22.050000 3.182254791 -14.858246803 7.638410091 -0.126764268 -0.183254629 0.964721978 -0.140214309
22.100000 3.169549465 -14.890793800 7.706358433 -0.125924408 -0.187457830 0.962670386 -0.149226204
22.150000 3.157408714 -14.924004555 7.774086475 -0.125071451 -0.191641554 0.960518718 -0.158222616
22.200000 3.145849228 -14.957879066 7.841588974 -0.124205537 -0.195805416 0.958267510 -0.167202652
22.250000 3.134879589 -14.992385864 7.908864975 -0.123326719 -0.199948907 0.955916703 -0.176165313
22.300000 3.124515057 -15.027525902 7.975910187 -0.122435108 -0.204071656 0.953466773 -0.185109705
22.350000 3.114766359 -15.063282967 8.042720795 -0.121530794 -0.208173230 0.950917840 -0.194034889
22.400000 3.105645418 -15.099640846 8.109292984 -0.120613866 -0.212253198 0.948270202 -0.202939928
22.450000 3.097162247 -15.136585236 8.175624847 -0.119684421 -0.216311142 0.945524156 -0.211823910
22.500000 3.089329004 -15.174094200 8.241715431 -0.118742540 -0.220346600 0.942679882 -0.220685884
22.550000 3.082158089 -15.212163925 8.307559967 -0.117788345 -0.224359199 0.939737797 -0.229524955
22.600000 3.075662374 -15.250784874 8.373155594 -0.116821930 -0.228348538 0.936698198 -0.238340214
22.650000 3.069853306 -15.289944649 8.438496590 -0.115843393 -0.232314184 0.933561385 -0.247130752
22.700000 3.064739704 -15.329625130 8.503580093 -0.114852831 -0.236255720 0.930327713 -0.255895644
22.750000 3.060328960 -15.369797707 8.568410873 -0.113850333 -0.240172684 0.926997364 -0.264633954
22.800000 3.056633949 -15.410459518 8.632980347 -0.112836026 -0.244064718 0.923570812 -0.273344755
22.850000 3.053664207 -15.451599121 8.697286606 -0.111810021 -0.247931436 0.920048475 -0.282027245
22.900000 3.051429272 -15.493192673 8.761328697 -0.110772409 -0.251772404 0.916430593 -0.290680468
22.950000 3.049935341 -15.535226822 8.825103760 -0.109723300 -0.255587250 0.912717640 -0.299303532
23.000000 3.049190521 -15.577674866 8.888612747 -0.108662784 -0.259375542 0.908909798 -0.307895482
23.050000 3.049205303 -15.620539665 8.951849937 -0.107591018 -0.263136983 0.905007780 -0.316455543
23.100000 3.049989223 -15.663791656 9.014816284 -0.106508069 -0.266871095 0.901011705 -0.324982703
23.150000 3.051548481 -15.707423210 9.077507019 -0.105414078 -0.270577550 0.896922171 -0.333476156
23.200000 3.053892136 -15.751409531 9.139923096 -0.104309149 -0.274255931 0.892739475 -0.341935039
23.250000 3.057025909 -15.795737267 9.202060699 -0.103193402 -0.277905822 0.888464153 -0.350358397
23.300000 3.060956001 -15.840387344 9.263917923 -0.102066949 -0.281526893 0.884096622 -0.358745366
23.350000 3.065688133 -15.885339737 9.325496674 -0.100929886 -0.285118729 0.879637301 -0.367095083
23.400000 3.071228027 -15.930578232 9.386795998 -0.099782348 -0.288680971 0.875086665 -0.375406682
23.450000 3.077581406 -15.976086617 9.447814941 -0.098624453 -0.292213231 0.870445251 -0.383679330
23.500000 3.084752083 -16.021846771 9.508552551 -0.097456329 -0.295715183 0.865713418 -0.391912133
23.550000 3.092747688 -16.067842484 9.569005966 -0.096278094 -0.299186468 0.860891759 -0.400104284
23.600000 3.101573944 -16.114061356 9.629174232 -0.095089875 -0.302626729 0.855980754 -0.408254892
23.650000 3.111232758 -16.160474777 9.689062119 -0.093891785 -0.306035548 0.850980878 -0.416363090
23.700000 3.121729851 -16.207069397 9.748668671 -0.092683949 -0.309412599 0.845892668 -0.424428046
23.750000 3.133067131 -16.253829956 9.807991028 -0.091466509 -0.312757552 0.840716720 -0.432448983
23.800000 3.145247459 -16.300729752 9.867029190 -0.090239570 -0.316070020 0.835453451 -0.440425009
23.850000 3.158271790 -16.347757339 9.925786018 -0.089003272 -0.319349676 0.830103457 -0.448355317
23.900000 3.172146797 -16.394895554 9.984260559 -0.087757759 -0.322596222 0.824667335 -0.456239104
23.950000 3.186875343 -16.442127228 10.042449951 -0.086503141 -0.325809270 0.819145620 -0.464075565
24.000000 3.202455521 -16.489425659 10.100357056 -0.085239537 -0.328988433 0.813538790 -0.471863747
24.050000 3.218891144 -16.536781311 10.157979965 -0.083967105 -0.332133502 0.807847679 -0.479603022
24.100000 3.236184120 -16.584175110 10.215322495 -0.082685940 -0.335244060 0.802072644 -0.487292498
24.150000 3.254330635 -16.631584167 10.272382736 -0.081396192 -0.338319838 0.796214342 -0.494931400
24.200000 3.273337364 -16.678997040 10.329160690 -0.080097988 -0.341360509 0.790273428 -0.502518952
24.250000 3.293203354 -16.726388931 10.385659218 -0.078791462 -0.344365776 0.784250438 -0.510054350
24.300000 3.313925743 -16.773744583 10.441879272 -0.077476762 -0.347335309 0.778146088 -0.517536759
24.350000 3.335503578 -16.821044922 10.497821808 -0.076154023 -0.350268781 0.771960974 -0.524965405
24.400000 3.357938766 -16.868267059 10.553489685 -0.074823380 -0.353165895 0.765695751 -0.532339573
24.450000 3.381230354 -16.915399551 10.608881950 -0.073484965 -0.356026351 0.759351015 -0.539658487
24.500000 3.405375481 -16.962425232 10.664003372 -0.072138920 -0.358849853 0.752927542 -0.546921313
24.550000 3.430371284 -17.009321213 10.718849182 -0.070785396 -0.361636132 0.746425927 -0.554127395
24.600000 3.456212997 -17.056068420 10.773428917 -0.069424525 -0.364384830 0.739846826 -0.561275959
24.650000 3.482902527 -17.102651596 10.827742577 -0.068056449 -0.367095709 0.733190894 -0.568366289
24.700000 3.510433197 -17.149051666 10.881792068 -0.066681296 -0.369768500 0.726458907 -0.575397611
24.750000 3.538801193 -17.195251465 10.935577393 -0.065299220 -0.372402906 0.719651520 -0.582369208
24.800000 3.568004608 -17.241233826 10.989101410 -0.063910373 -0.374998629 0.712769389 -0.589280307
24.850000 3.598037720 -17.286983490 11.042367935 -0.062514901 -0.377555460 0.705813348 -0.596130371
24.900000 3.628900528 -17.332479477 11.095376968 -0.061112929 -0.380073071 0.698783994 -0.602918506
24.950000 3.660584450 -17.377700806 11.148133278 -0.059704602 -0.382551223 0.691682100 -0.609644055
25.000000 3.693084717 -17.422636032 11.200637817 -0.058290068 -0.384989649 0.684508443 -0.616306365
25.050000 3.726395607 -17.467266083 11.252895355 -0.056869477 -0.387388110 0.677263737 -0.622904658
25.100000 3.760513306 -17.511575699 11.304903030 -0.055442993 -0.389746398 0.669948757 -0.629438341
25.150000 3.795428276 -17.555541992 11.356667519 -0.054010745 -0.392064214 0.662564218 -0.635906637
25.200000 3.831133842 -17.599151611 11.408194542 -0.052572884 -0.394341320 0.655110955 -0.642308950
25.250000 3.867627144 -17.642385483 11.459484100 -0.051129557 -0.396577477 0.647589624 -0.648644567
25.300000 3.860163689 -17.690294266 11.503793716 0.040911060 0.404666901 -0.658235669 0.633479893
25.350000 3.901579857 -17.686775208 11.539585114 0.041695312 0.409710824 -0.658685505 0.629707813
25.400000 3.943314552 -17.683765411 11.575052261 0.042477876 0.414738178 -0.659108698 0.625910223
25.450000 3.985363007 -17.681264877 11.610185623 0.043258708 0.419748753 -0.659505188 0.622087300
25.500000 3.856239319 -17.856693268 11.725092888 0.031168766 0.418779165 -0.667063296 0.615369022
25.550000 3.872263908 -17.865749359 11.785313606 0.045318939 0.427761376 -0.668310285 0.606900156
25.600000 3.885271072 -17.864442825 11.854242325 0.059567045 0.439196110 -0.666917264 0.598982453
25.650000 3.898377895 -17.865776062 11.923151016 0.073791429 0.450455874 -0.665258586 0.590826094
25.700000 3.911532402 -17.869747162 11.991950989 0.087986425 0.461536139 -0.663334787 0.582434356
25.750000 3.924682140 -17.876346588 12.060547829 0.102146357 0.472432554 -0.661146760 0.573810637
25.800000 3.937773228 -17.885568619 12.128854752 0.116265595 0.483140707 -0.658695340 0.564958274
25.850000 3.950750828 -17.897399902 12.196776390 0.130338520 0.493656397 -0.655981541 0.555880785
25.900000 3.963567734 -17.911827087 12.264227867 0.144359529 0.503975451 -0.653006434 0.546581924
25.950000 3.976169109 -17.928825378 12.331117630 0.158323020 0.514093757 -0.649771094 0.537065327
26.000000 3.988495111 -17.948362350 12.397365570 0.172223404 0.524007201 -0.646276832 0.527334690
26.050000 4.000499249 -17.970415115 12.462878227 0.186055183 0.533711851 -0.642525136 0.517394006
26.100000 4.012134552 -17.994951248 12.527567863 0.199812874 0.543203950 -0.638517499 0.507247269
26.150000 4.023344994 -18.021930695 12.591355324 0.213490933 0.552479565 -0.634255409 0.496898383
26.200000 4.034088612 -18.051315308 12.654153824 0.227083966 0.561535180 -0.629740655 0.486351579
26.250000 4.044310093 -18.083057404 12.715881348 0.240586504 0.570367038 -0.624975026 0.475610971
26.300000 4.054786205 -18.149562836 12.734851837 -0.237887278 -0.571939647 0.622155666 -0.478766114
26.350000 4.065958977 -18.215978622 12.753747940 0.235181466 0.573496521 -0.619319141 0.481908053
26.400000 4.089605808 -18.272155762 12.765110016 -0.241758689 -0.567107618 0.627053857 -0.476177752
26.450000 4.110345840 -18.334348679 12.779865265 -0.249009997 -0.564364731 0.632318616 -0.468678713
26.500000 4.136582375 -18.387351990 12.780000687 -0.261789054 -0.562395215 0.636453688 -0.458371997
26.550000 4.162014008 -18.436265945 12.761870384 -0.275523096 -0.559597313 0.637224495 -0.452639878
26.600000 4.188253880 -18.469924927 12.734265327 -0.292298466 -0.558202803 0.632370055 -0.450643241
26.650000 4.204493523 -18.586685181 12.326819420 -0.301376045 -0.505775928 0.643761754 -0.488808811
26.700000 4.258257866 -18.740835190 11.935339928 -0.309122324 -0.451114863 0.652309716 -0.524815083
26.750000 4.221177101 -18.794540405 11.963957787 0.307771146 0.465405554 -0.643810570 0.523624539
26.800000 4.244800091 -18.861106873 11.998970985 0.318100572 0.468568891 -0.637868404 0.521899700
26.850000 4.240595818 -18.918870926 12.014746666 0.326457381 0.473320395 -0.636127591 0.514524281
26.900000 4.261545658 -18.991790771 12.042150497 0.338927925 0.474351257 -0.634890318 0.506984353
26.950000 4.273142815 -19.061485291 12.065885544 0.346798509 0.476395667 -0.633655787 0.501256883
27.000000 4.277163982 -19.126647949 12.098936081 -0.350349039 -0.480962187 0.629321098 -0.499885857
27.050000 4.272466183 -19.194562912 12.120331764 0.351050466 0.484795243 -0.625617146 0.500340223
27.100000 4.263128757 -19.256446838 12.144238472 -0.352218002 -0.490307391 0.621832430 -0.498864353
27.150000 4.244586468 -19.317438126 12.166893005 -0.352741957 -0.498040289 0.617345035 -0.496401250
27.200000 4.220429420 -19.363336563 12.192735672 -0.353395909 -0.507178426 0.612251997 -0.492979556
27.250000 4.135920525 -19.383262634 12.206513405 -0.346061081 -0.525000751 0.612511694 -0.479004622
27.300000 4.052085876 -19.403779984 12.223242760 -0.338530093 -0.542525470 0.612424195 -0.464758188
27.350000 3.969048023 -19.424959183 12.242884636 -0.330807209 -0.559742689 0.611989617 -0.450248331
27.400000 3.886922598 -19.446863174 12.265385628 -0.322896808 -0.576642632 0.611208141 -0.435483217
27.450000 3.805829287 -19.469558716 12.290684700 -0.314803392 -0.593215704 0.610080242 -0.420471221
27.500000 3.725890875 -19.493118286 12.318718910 -0.306531549 -0.609452605 0.608606637 -0.405220926
27.550000 3.647213697 -19.517593384 12.349420547 -0.298085958 -0.625343978 0.606788039 -0.389740884
27.600000 3.569911718 -19.543054581 12.382707596 -0.289471477 -0.640880942 0.604625583 -0.374039978
27.650000 3.494085312 -19.569555283 12.418500900 -0.280692905 -0.656054556 0.602120399 -0.358126998
27.700000 3.419846535 -19.597152710 12.456707954 -0.271755219 -0.670856357 0.599273980 -0.342011064
27.750000 3.347294807 -19.625898361 12.497239113 -0.262663513 -0.685277939 0.596087933 -0.325701267
27.800000 3.276520252 -19.655839920 12.539993286 -0.253422916 -0.699311078 0.592563987 -0.309206843
27.850000 3.207619190 -19.687026978 12.584863663 -0.244038656 -0.712947845 0.588704169 -0.292537153
27.900000 3.140678406 -19.719505310 12.631744385 -0.234516084 -0.726180553 0.584510624 -0.275701642
27.950000 3.075785637 -19.753322601 12.680515289 -0.224860609 -0.739001751 0.579985797 -0.258709848
28.000000 3.195304871 -19.845958710 12.643694878 0.244124293 0.727141082 -0.576331079 0.281978190
28.050000 3.136250973 -19.940315247 12.580049515 0.227211595 0.727697015 -0.578549683 0.290021122
28.100000 3.163546562 -20.005155563 12.584888458 0.227066696 0.733554661 -0.567947865 0.296266198
28.150000 3.148552418 -20.081432343 12.564947128 0.217494443 0.738510966 -0.564462721 0.297791064
28.200000 3.156155109 -20.148233414 12.553744316 0.215426281 0.741573751 -0.560894251 0.298425019
28.250000 3.156252861 -20.222150803 12.541735649 0.212093323 0.741427720 -0.563738465 0.295804739
28.300000 3.183652401 -20.291240692 12.532489777 0.213078603 0.738805950 -0.569630444 0.290317982
28.350000 3.172149658 -20.361192703 12.519348145 0.209065482 0.739307702 -0.576448381 0.278249890
28.400000 3.176766396 -20.422451019 12.526259422 0.210812062 0.741542280 -0.579821765 0.263590753
28.450000 3.180277348 -20.483823776 12.532793045 0.212509245 0.743603051 -0.583059251 0.248869851
28.500000 3.182679176 -20.545288086 12.538972855 0.214156643 0.745489657 -0.586160183 0.234090641
28.550000 3.183956146 -20.606815338 12.544824600 0.215753824 0.747201502 -0.589123726 0.219256550
28.600000 3.184101105 -20.668384552 12.550369263 0.217300475 0.748738348 -0.591949224 0.204371080
28.650000 3.171890259 -20.740249634 12.540152550 0.216643721 0.752939641 -0.586483657 0.205388442
28.700000 3.170497894 -20.814079285 12.527444839 0.218852803 0.752801418 -0.585698545 0.205792487
28.750000 3.195129395 -20.891078949 12.479928017 0.225610450 0.745925069 -0.591840863 0.205961540
28.800000 3.176633835 -20.961458206 12.471321106 0.226125211 0.742335081 -0.597043097 0.203336105
28.850000 3.174304008 -21.039840698 12.454195023 0.228884295 0.736932814 -0.601944506 0.205438003
28.900000 3.171609879 -21.118434906 12.438116074 0.231628463 0.731482506 -0.606806695 0.207526505
28.950000 3.170902252 -21.193222046 12.421370506 0.229653999 0.730533063 -0.606303871 0.214420304
29.000000 3.168747902 -21.267366409 12.399827957 0.224830031 0.732131481 -0.605084538 0.217503458
29.050000 3.167274475 -21.338577271 12.389201164 0.220130280 0.738025188 -0.598502934 0.220580667
29.100000 3.163579941 -21.407321930 12.385279655 0.216665849 0.745603383 -0.589513540 0.222722769
29.150000 3.147815704 -21.466545105 12.390338898 0.211889938 0.753109097 -0.583016813 0.219136626
29.200000 3.153904915 -21.530921936 12.388574600 0.210027516 0.756078064 -0.581146419 0.215646416
29.250000 3.160023689 -21.595275879 12.386317253 0.208159193 0.759025812 -0.579259753 0.212150142
29.300000 3.130190372 -21.707096100 12.291763306 0.203461662 0.749504626 -0.592446327 0.214134634
29.350000 3.099981308 -21.822044373 12.201167107 0.198705018 0.739765584 -0.605460703 0.216056913
29.400000 3.069414139 -21.939987183 12.114633560 0.193890631 0.729811668 -0.618299127 0.217916414
29.450000 3.038504124 -22.060789108 12.032258987 0.189019918 0.719645739 -0.630957961 0.219712615
29.500000 3.007262707 -22.184303284 11.954143524 0.184094295 0.709270716 -0.643433452 0.221444994
29.550000 3.102536201 -22.106828690 12.218961716 0.206690654 0.758053005 -0.579706907 0.215811312
29.600000 3.191198349 -22.073570251 12.495080948 0.227843672 0.801541686 -0.511932254 0.208670601
29.650000 3.107658386 -22.266189575 12.169170380 0.208935946 0.755740464 -0.582237005 0.214947149
29.700000 3.014338970 -22.509979248 11.882540703 0.188474283 0.704318404 -0.648211360 0.219625041
29.750000 3.089302540 -22.425437927 12.138230324 0.206437200 0.745613515 -0.595694840 0.215851709
29.800000 3.103300571 -22.507394791 12.112921715 0.206540570 0.738346338 -0.603150606 0.219988912
29.850000 3.100502968 -22.588764191 12.104250908 0.200338498 0.737850785 -0.603930414 0.225186095
29.900000 3.105799198 -22.666091919 12.091552734 0.193919808 0.742399156 -0.600421965 0.225237787
29.950000 3.099591255 -22.736320496 12.103407860 0.188825622 0.751692891 -0.590694964 0.224459738
30.000000 3.069573879 -22.785207748 12.121986389 0.184150815 0.760609329 -0.581880450 0.221307933
30.050000 3.040274620 -22.834823608 12.139764786 0.179441184 0.769381940 -0.572955966 0.218114272
30.100000 3.011700153 -22.885143280 12.156714439 0.174697652 0.778009176 -0.563923240 0.214879408
30.150000 2.983840942 -22.936138153 12.172817230 0.169921100 0.786489367 -0.554783881 0.211603940
30.200000 2.956696033 -22.987785339 12.188051224 0.165112436 0.794820905 -0.545539737 0.208288476
30.250000 2.930265427 -23.040054321 12.202390671 0.160272554 0.803002238 -0.536192477 0.204933643
30.300000 2.904540539 -23.092918396 12.215816498 0.155402392 0.811031759 -0.526743889 0.201540068
30.350000 2.879524708 -23.146350861 12.228305817 0.150502890 0.818908095 -0.517195821 0.198108435
30.400000 2.855207443 -23.200321198 12.239837646 0.145574942 0.826629579 -0.507550001 0.194639355
30.450000 2.831589222 -23.254798889 12.250389099 0.140619487 0.834194899 -0.497808278 0.191133499
30.500000 2.808662891 -23.309755325 12.259942055 0.135637462 0.841602564 -0.487972468 0.187591523
30.550000 2.914524078 -23.427957535 12.097496033 0.153761506 0.828602314 -0.504848242 0.186826020
30.600000 2.913650513 -23.487524033 12.055374146 0.156372100 0.825125039 -0.510257840 0.185346559
30.650000 2.928078651 -23.558151245 12.017045021 0.156171754 0.822038889 -0.514934540 0.186292633
30.700000 2.937817574 -23.621919632 11.978717804 0.155639216 0.818851590 -0.518293560 0.191390604
30.750000 2.956853390 -23.687686920 11.942890167 0.153688774 0.817853689 -0.518464267 0.196697548
30.800000 2.965340614 -23.757907867 11.912881851 0.149127498 0.822138786 -0.512124658 0.198940307
30.850000 2.978743076 -23.834333420 11.888846397 0.145380810 0.829153001 -0.501647949 0.199296862
30.900000 2.981539249 -23.893918991 11.852842331 0.148104042 0.833178818 -0.492746204 0.202680677
30.950000 2.993574619 -23.942033768 11.812213898 0.154522642 0.832420588 -0.490662694 0.206031263
31.000000 3.011775970 -23.981029510 11.775711060 0.163262725 0.829004586 -0.493638754 0.205955014
31.050000 3.029642105 -24.020500183 11.739555359 0.171986997 0.825508296 -0.496567011 0.205858812
31.100000 3.046987534 -24.129808426 11.683880806 0.166373208 0.821817696 -0.508796036 0.195095450
31.150000 3.062057018 -24.240467072 11.630258560 0.160707757 0.817871928 -0.520867109 0.184271514
31.200000 3.089478493 -24.312789917 11.600021362 0.170710921 0.819709539 -0.513092399 0.188866004
31.250000 3.100599289 -24.391128540 11.569403648 0.176296279 0.821440816 -0.507375240 0.191637769
31.300000 3.104875565 -24.471088409 11.543568611 0.180784762 0.824639142 -0.499380678 0.194695041
31.350000 3.074926376 -24.528245926 11.512030602 0.177278638 0.827564359 -0.496616572 0.192565784
31.400000 3.078227997 -24.602596283 11.470831871 0.179754674 0.826837361 -0.497828901 0.190249130
31.450000 3.084671974 -24.673477173 11.471758842 0.180405006 0.827414453 -0.501139820 0.178039983
31.500000 3.130272865 -24.607830048 11.157207489 0.185898811 0.802324414 -0.535297573 0.187546700
31.550000 3.100197792 -24.608526230 11.066827774 0.174745709 0.794707298 -0.548737884 0.191810116
31.600000 3.257077217 -24.823152542 11.150249481 0.184334382 0.798358202 -0.544145405 0.180418417
31.650000 2.992674828 -24.854129791 11.113234520 0.171325281 0.796008348 -0.541699290 0.208759010
31.700000 2.955012321 -24.868551254 11.002185822 0.161596119 0.794249535 -0.545414805 0.213487938
31.750000 2.952699661 -24.947063446 10.984371185 0.156286910 0.801454127 -0.536322713 0.213550076
31.800000 2.974389076 -25.024335861 10.956470490 0.154070973 0.807038307 -0.529191911 0.211913437
31.850000 2.970877647 -25.095798492 10.927037239 0.150007382 0.807907283 -0.527739525 0.215115637
31.900000 2.978830814 -25.169982910 10.895312309 0.146372467 0.804222763 -0.533388853 0.217479184
31.950000 2.979505062 -25.245389938 10.864764214 0.144039258 0.799697578 -0.541408658 0.215900719
32.000000 2.979716301 -25.318820953 10.834005356 0.141736716 0.796665907 -0.548375130 0.210995093
32.050000 2.952507019 -25.387363434 10.801594734 0.138973966 0.797041655 -0.548533380 0.211002573
32.100000 2.935220718 -25.458780289 10.772882462 0.140636861 0.802107155 -0.539806843 0.213199571
32.150000 2.865648746 -25.497386932 10.675991058 0.135169625 0.805487156 -0.532076716 0.223190621
32.200000 2.858481407 -25.595046997 10.680583000 0.133842930 0.814685583 -0.517141402 0.225695044
32.250000 2.825795650 -25.701299667 10.681180954 0.130965605 0.820289612 -0.505968809 0.232311517
32.300000 2.913454056 -25.711582184 10.563694000 0.132061377 0.812750995 -0.519547641 0.228179410
32.350000 2.891263247 -25.786209106 10.526465416 0.132811174 0.808429241 -0.523088455 0.234908327
32.400000 2.934070349 -25.897533417 10.512596130 0.140587226 0.804487467 -0.526565373 0.236144349
32.450000 2.840413570 -25.964878082 10.485027313 0.139991730 0.797813177 -0.528174877 0.254809529
32.500000 2.970935822 -26.063018799 10.467465401 0.148264945 0.794380665 -0.533989370 0.248661086
32.550000 2.995696545 -26.136339188 10.432722092 0.145346090 0.793149292 -0.535245001 0.251598150
32.600000 2.993421793 -26.228630066 10.429618835 0.140494823 0.798318088 -0.527912557 0.253491372
32.650000 3.008969545 -26.311260223 10.412665367 0.140417263 0.801210403 -0.524148405 0.252216846
32.700000 3.016621351 -26.394649506 10.390215874 0.139008105 0.801957905 -0.524216175 0.250475019
32.750000 3.033167124 -26.474956512 10.363833427 0.136710912 0.799295545 -0.530047953 0.247963712
32.800000 3.044217348 -26.555599213 10.333759308 0.132817000 0.795259058 -0.538847983 0.244060591
32.850000 2.886599779 -26.515552521 10.197989464 0.111162752 0.778186381 -0.558589637 0.264663070
32.900000 2.910486460 -26.582815170 10.162327766 0.111447357 0.774682045 -0.565705836 0.259661704
32.950000 2.917826653 -26.664043427 10.144155502 0.114497043 0.773565054 -0.566713512 0.259467363
33.000000 2.933403969 -26.723810196 10.105959892 0.117810100 0.772567868 -0.567802370 0.258573294
33.050000 2.951728106 -26.797618866 10.082709312 0.120319016 0.778185308 -0.560258925 0.257023335
33.100000 2.961636066 -26.868417740 10.058697701 0.120315470 0.785643280 -0.548668504 0.259329557
33.150000 2.995251179 -26.948322296 10.042876244 0.122902885 0.793100357 -0.537570000 0.258660644
33.200000 3.017304182 -27.017936707 10.012203217 0.124121979 0.795701802 -0.532910466 0.259728312
33.250000 3.046667814 -27.086296082 9.977297783 0.124182940 0.793129086 -0.535914719 0.261381745
33.300000 3.113330364 -27.176132202 9.966628075 0.128040195 0.789602816 -0.541642189 0.258373678
33.350000 3.177127361 -27.271892548 9.958477020 0.130565539 0.786005139 -0.546381652 0.258100361
33.400000 3.240207911 -27.368206024 9.951476097 0.133085415 0.782374501 -0.551098228 0.257816255
33.450000 3.192297935 -27.483827591 9.954586029 0.131627202 0.795343757 -0.526080608 0.270816863
33.500000 3.207136631 -27.568679810 9.941075325 0.128253520 0.800827920 -0.519082248 0.269776493
33.550000 3.165140629 -27.746082306 10.047996521 0.126908690 0.819451749 -0.486740470 0.274730533
33.600000 3.128021002 -27.931610107 10.142171860 0.125383750 0.836912572 -0.453707904 0.279294670
33.650000 3.143069029 -28.002117157 10.101397514 0.120737411 0.832011402 -0.465875357 0.275934249
33.700000 3.157475948 -28.073734283 10.062360764 0.116066344 0.826939762 -0.477947384 0.272517323
33.750000 3.171251774 -28.146409988 10.025101662 0.111371472 0.821698546 -0.489921421 0.269044518
33.800000 3.184416771 -28.220096588 9.989647865 0.106653780 0.816288948 -0.501795053 0.265516579
33.850000 3.196986437 -28.294744492 9.956035614 0.101914242 0.810712099 -0.513565898 0.261934280
33.900000 3.208972454 -28.370296478 9.924301147 0.097153798 0.804968953 -0.525231481 0.258298278
33.950000 3.220395327 -28.446708679 9.894470215 0.092373453 0.799060881 -0.536789536 0.254609406
34.000000 3.257624626 -28.495166779 9.899017334 0.111136131 0.818616509 -0.502920687 0.254138947
34.050000 3.294338465 -28.544216156 9.900012970 0.129689679 0.836631656 -0.468105465 0.253190249
34.100000 3.330592632 -28.593553543 9.897406578 0.147999182 0.853072524 -0.432409406 0.251765132
34.150000 3.360805511 -28.648704529 9.844928741 0.147239298 0.850143611 -0.436440378 0.255139858
34.200000 3.397800922 -28.715867996 9.802922249 0.147647545 0.847850740 -0.437557340 0.260562658
34.250000 3.417415142 -28.767311096 9.756045341 0.144485354 0.843544841 -0.439744055 0.272362649
34.300000 3.439675570 -28.818496704 9.712120056 0.135880336 0.843986213 -0.437615603 0.278776824
34.350000 3.463184357 -28.869298935 9.668412209 0.127259016 0.844326377 -0.435434669 0.285157561
34.400000 3.487934113 -28.919692993 9.624925613 0.118622437 0.844565272 -0.433201551 0.291504115
34.450000 3.513916731 -28.969655991 9.581657410 0.109971642 0.844702959 -0.430916518 0.297815740
34.500000 3.541119337 -29.019155502 9.538619041 0.101307645 0.844739258 -0.428579777 0.304091632
34.550000 3.569534540 -29.068168640 9.495806694 0.092631511 0.844674349 -0.426191717 0.310331076
34.600000 3.599148273 -29.116672516 9.453226089 0.083944276 0.844508111 -0.423752546 0.316533297
34.650000 3.629947901 -29.164630890 9.410881042 0.075246982 0.844240546 -0.421262532 0.322697550
34.700000 3.661926031 -29.212028503 9.368767738 0.066540658 0.843871832 -0.418722004 0.328823119
34.750000 3.695064068 -29.258834839 9.326899529 0.057826355 0.843401909 -0.416131258 0.334909260
34.800000 3.729349613 -29.305025101 9.285271645 0.049105130 0.842830837 -0.413490623 0.340955198
34.850000 3.764765978 -29.350568771 9.243893623 0.040378019 0.842158675 -0.410800397 0.346960276
34.900000 3.801302433 -29.395450592 9.202757835 0.031646065 0.841385603 -0.408060968 0.352923781
34.950000 3.838938236 -29.439638138 9.161876678 0.022910316 0.840511560 -0.405272573 0.358844936
35.000000 3.877661705 -29.483112335 9.121248245 0.014171824 0.839536726 -0.402435571 0.364723027
35.050000 3.917455435 -29.525848389 9.080870628 0.005431637 0.838461280 -0.399550349 0.370557427
35.100000 3.958302975 -29.567823410 9.040749550 -0.003309200 0.837285221 -0.396617204 0.376347393
35.150000 4.000188828 -29.609012604 9.000885010 -0.012049640 0.836008787 -0.393636525 0.382092237
35.200000 4.124561310 -29.742979050 9.018054008 0.029961191 0.831250250 -0.416550457 0.366893947
35.250000 4.156969547 -29.792469025 8.984600067 0.021126157 0.832325876 -0.411938637 0.370261937
35.300000 4.201972961 -29.844690323 8.949643135 0.015052564 0.834915876 -0.406145483 0.371126413
35.350000 4.234304905 -29.896532059 8.906735420 0.011315561 0.833885729 -0.403691620 0.376217514
35.400000 4.267533302 -29.947959900 8.864015579 0.007578030 0.832816541 -0.401218802 0.381290972
35.450000 4.301649570 -29.998960495 8.821495056 0.003840131 0.831708133 -0.398727089 0.386346459
35.500000 4.336649895 -30.049524307 8.779176712 0.000102066 0.830560744 -0.396216720 0.391383827
35.550000 4.372527599 -30.099639893 8.737065315 -0.003636010 0.829374254 -0.393687695 0.396402776
35.600000 4.409277916 -30.149299622 8.695165634 -0.007373920 0.828148842 -0.391140193 0.401403099
35.650000 4.446895123 -30.198495865 8.653486252 -0.011111479 0.826884568 -0.388574332 0.406384587
35.700000 4.485371590 -30.247217178 8.612027168 -0.014848515 0.825581491 -0.385990232 0.411347002
35.750000 4.524698734 -30.295452118 8.570792198 -0.018584847 0.824239612 -0.383387983 0.416290045
35.800000 4.564869881 -30.343187332 8.529788971 -0.022320298 0.822859049 -0.380767703 0.421213508
35.850000 4.605875015 -30.390413284 8.489028931 -0.026054699 0.821439862 -0.378129512 0.426117182
35.900000 4.647706985 -30.437122345 8.448512077 -0.029787870 0.819982111 -0.375473589 0.431000859
35.950000 4.690356731 -30.483303070 8.408250809 -0.033519641 0.818485796 -0.372800022 0.435864300
36.000000 4.733815193 -30.528945923 8.368249893 -0.037249833 0.816951036 -0.370108962 0.440707266
36.050000 4.778075218 -30.574041367 8.328511238 -0.040978279 0.815377951 -0.367400557 0.445529550
36.100000 4.823126793 -30.618577957 8.289046288 -0.044704791 0.813766479 -0.364674896 0.450330883
36.150000 4.868962288 -30.662544250 8.249856949 -0.048429191 0.812116802 -0.361932129 0.455111086
36.200000 4.915575027 -30.705936432 8.210941315 -0.052151311 0.810429037 -0.359172374 0.459869951
36.250000 4.962954521 -30.748741150 8.172311783 -0.055870976 0.808703125 -0.356395721 0.464607149
36.300000 5.011092186 -30.790954590 8.133968353 -0.059588023 0.806939304 -0.353602380 0.469322592
36.350000 5.138569832 -30.665975571 8.190066338 -0.025696164 0.821799636 -0.349093139 0.449576557
36.400000 5.275233746 -30.552461624 8.248849869 0.008241422 0.835197389 -0.343962640 0.429030418
36.450000 5.420353889 -30.451110840 8.309556961 0.042164326 0.847108722 -0.338219970 0.407720745
36.500000 5.573142529 -30.362529755 8.371417046 0.076012194 0.857512474 -0.331875384 0.385685444
36.550000 5.732749939 -30.287231445 8.433653831 0.109724782 0.866390049 -0.324940145 0.362963766
36.600000 5.898280144 -30.225637436 8.495484352 0.143242106 0.873725712 -0.317426562 0.339596123
36.650000 6.068798065 -30.178075790 8.556138039 0.176504508 0.879506350 -0.309348077 0.315624118
36.700000 6.243330002 -30.144767761 8.614837646 0.209452763 0.883721709 -0.300718993 0.291090339
36.750000 5.845321655 -30.680084229 8.320205688 0.056080528 0.879043221 -0.300244302 0.366048455
36.800000 5.816566944 -30.614082336 8.090801239 0.089418039 0.859998941 -0.313325733 0.392725438
36.850000 5.859953403 -30.643589020 8.043185234 0.098099947 0.854543686 -0.319299459 0.397717863
36.900000 5.917961121 -30.681583405 7.999632835 0.097975791 0.852539122 -0.319598585 0.401789248
36.950000 5.965373516 -30.732442856 7.961730003 0.090180762 0.854113936 -0.313483745 0.405073911
37.000000 6.009615421 -30.777645111 7.916909218 0.084112935 0.857168078 -0.302630782 0.408169746
37.050000 6.021831036 -30.801988602 7.874991417 0.084183961 0.860073626 -0.293704778 0.408563197
37.100000 6.034232140 -30.825517654 7.832662582 0.084247559 0.862903297 -0.284752846 0.408920586
37.150000 6.046810150 -30.848226547 7.789937973 0.084303729 0.865656793 -0.275775820 0.409241915
37.200000 6.059556484 -30.870101929 7.746829033 0.084352456 0.868333876 -0.266774446 0.409527093
37.250000 6.072458744 -30.891136169 7.703357697 0.084393740 0.870934248 -0.257749528 0.409776092
37.300000 6.082572460 -30.931430817 7.624694824 0.084680863 0.867566109 -0.275939822 0.404988140
37.350000 6.091255665 -30.974426270 7.547299385 0.084937058 0.863881171 -0.294029325 0.400052309
37.400000 6.137321949 -31.044281006 7.508798599 0.088314421 0.870826423 -0.281500041 0.393217206
37.450000 6.182951927 -31.112895966 7.467639923 0.091668524 0.877542317 -0.268896580 0.386278540
37.500000 6.303598881 -31.164808273 7.478638649 0.103265069 0.887265801 -0.241841435 0.378957093
37.550000 6.372493267 -31.201087952 7.434070587 0.107033305 0.889932096 -0.244187504 0.370050341
37.600000 6.413717270 -31.213279724 7.382459641 0.111041322 0.888908565 -0.254387856 0.364415020
37.650000 6.454222202 -31.226942062 7.330652237 0.115032353 0.887749076 -0.264549315 0.358723968
37.700000 6.493972778 -31.242065430 7.278670311 0.119005792 0.886453807 -0.274670303 0.352978081
37.750000 6.532954693 -31.258636475 7.226542473 0.122961044 0.885023117 -0.284749299 0.347178221
37.800000 6.571123600 -31.276643753 7.174301147 0.126897469 0.883456945 -0.294784725 0.341325223
37.850000 6.608463287 -31.296077728 7.121972084 0.130814478 0.881755710 -0.304775059 0.335420042
37.900000 6.644950390 -31.316919327 7.069583893 0.134711489 0.879919767 -0.314718813 0.329463601
37.950000 6.680547714 -31.339153290 7.017169952 0.138587877 0.877949119 -0.324614376 0.323456734
38.000000 6.715243816 -31.362771988 6.964756012 0.142443076 0.875844300 -0.334460288 0.317400426
38.050000 6.749018669 -31.387756348 6.912368774 0.146276489 0.873605609 -0.344255060 0.311295599
38.100000 6.781836987 -31.414085388 6.860036850 0.150087535 0.871233284 -0.353997201 0.305143178
38.150000 6.813680172 -31.441743851 6.807790756 0.153875634 0.868727684 -0.363685250 0.298944116
38.200000 6.844522953 -31.470710754 6.755662918 0.157640219 0.866089225 -0.373317689 0.292699367
38.250000 6.874347687 -31.500967026 6.703678131 0.161380708 0.863318324 -0.382893056 0.286409885
38.300000 6.903135777 -31.532489777 6.651859283 0.165096521 0.860415459 -0.392409891 0.280076623
38.350000 6.930871010 -31.565263748 6.600233078 0.168787062 0.857380986 -0.401866674 0.273700505
38.400000 6.957530022 -31.599266052 6.548830032 0.172451794 0.854215503 -0.411262006 0.267282546
38.450000 6.983080387 -31.634464264 6.497688293 0.176090136 0.850919306 -0.420594424 0.260823667
38.500000 7.007514954 -31.670843124 6.446826935 0.179701552 0.847493052 -0.429862529 0.254324913
38.550000 7.030809402 -31.708377838 6.396272659 0.183285505 0.843937218 -0.439064890 0.247787267
38.600000 7.052949429 -31.747037888 6.346057892 0.186841428 0.840252340 -0.448200077 0.241211727
38.650000 7.073914051 -31.786800385 6.296207428 0.190368772 0.836439013 -0.457266718 0.234599292
38.700000 7.093682289 -31.827632904 6.246755600 0.193866998 0.832497716 -0.466263384 0.227950960
38.750000 7.112249374 -31.869512558 6.197727203 0.197335586 0.828429163 -0.475188762 0.221267790
38.800000 7.129604340 -31.912418365 6.149141312 0.200773999 0.824233949 -0.484041512 0.214550793
38.850000 7.145735741 -31.956321716 6.101022720 0.204181716 0.819912732 -0.492820263 0.207800999
38.900000 7.160619259 -32.001182556 6.053407669 0.207558185 0.815466046 -0.501523614 0.201019406
38.950000 7.174255371 -32.046985626 6.006313324 0.210902929 0.810894728 -0.510150313 0.194207102
39.000000 7.186629295 -32.093696594 5.959766388 0.214215428 0.806199372 -0.518699050 0.187365100
39.050000 7.197736740 -32.141284943 5.913791656 0.217495143 0.801380754 -0.527168453 0.180494443
39.100000 7.207557678 -32.189720154 5.868412018 0.220741600 0.796439588 -0.535557210 0.173596174
39.150000 7.216088295 -32.238964081 5.823654175 0.223954305 0.791376650 -0.543864131 0.166671365
39.200000 7.223320007 -32.288993835 5.779533386 0.227132767 0.786192715 -0.552087784 0.159721062
39.250000 7.220880508 -32.289104462 5.816057205 0.295997053 0.806835890 -0.506002486 0.073233634
39.300000 7.219596863 -32.294609070 5.852223396 0.360488772 0.815560162 -0.452442288 -0.014335638
39.350000 7.218458176 -32.305503845 5.887156010 0.419655204 0.812236667 -0.392198443 -0.101693124
39.400000 7.216451645 -32.321460724 5.920046329 0.472622365 0.796914577 -0.326160938 -0.187548369
39.450000 7.212596893 -32.341850281 5.950211525 0.518607795 0.769820154 -0.255305290 -0.270633101
39.500000 7.206027985 -32.365791321 5.977115631 0.556932092 0.731353581 -0.180678174 -0.349719912
39.550000 7.196055412 -32.392196655 6.000434875 0.587029219 0.682083249 -0.103382029 -0.423640490
39.600000 7.182182312 -32.419834137 6.020042419 0.608454585 0.622736990 -0.024558701 -0.491302907
39.650000 7.164134979 -32.447387695 6.036029816 0.620891631 0.554191470 0.054627430 -0.551707625
39.700000 7.141884327 -32.473556519 6.048706055 0.624156654 0.477459252 0.133006588 -0.603962302
39.750000 7.115648270 -32.497104645 6.058584213 0.618201435 0.393673807 0.209420905 -0.647295058
39.800000 7.085884094 -32.516971588 6.066328049 0.603113949 0.304072857 0.282741576 -0.681065738
39.850000 7.053255081 -32.532302856 6.072725296 0.579117060 0.209980041 0.351885498 -0.704775453
39.900000 7.018594742 -32.542514801 6.078659058 0.546565294 0.112785339 0.415831298 -0.718074024
39.950000 6.982858658 -32.547317505 6.085027695 0.505939484 0.013924531 0.473634243 -0.720764935
40.000000 6.947063446 -32.546745300 6.092694283 0.457839727 -0.085141964 0.524440527 -0.712808430
40.050000 6.912225723 -32.541152954 6.102469444 0.402976573 -0.182950735 0.567499638 -0.694322109
40.100000 6.879312515 -32.531188965 6.115024090 0.342160493 -0.278056890 0.602175355 -0.665578961
40.150000 6.849168777 -32.517757416 6.130871773 0.276289970 -0.369055510 0.627955616 -0.627003729
40.200000 6.822481155 -32.501968384 6.150330067 0.206337973 -0.454602301 0.644459486 -0.579166234
40.250000 6.799741745 -32.485061646 6.173511505 0.133337870 -0.533433497 0.651443124 -0.522773027
40.300000 6.781188965 -32.468353271 6.200290680 0.058368068 -0.604384720 0.648803473 -0.458657265
40.350000 6.766834259 -32.453140259 6.230346680 -0.017463965 -0.666407704 0.636579394 -0.387766063
40.400000 6.756433487 -32.440647125 6.263158798 -0.093038015 -0.718586326 0.614951611 -0.311146647
40.450000 6.749504566 -32.431919098 6.298046112 -0.167237684 -0.760149717 0.584239483 -0.229930833
40.500000 6.745372772 -32.427787781 6.334201813 -0.238966882 -0.790483952 0.544896901 -0.145318434
40.550000 6.743186951 -32.428821564 6.370752335 -0.307165980 -0.809140801 0.497504801 -0.058559313
40.600000 6.741992950 -32.435272217 6.406788826 -0.370827585 -0.815844834 0.442763418 0.029064858
40.650000 6.740772247 -32.447082520 6.441439629 -0.429011136 -0.810496867 0.381481320 0.116259672
40.700000 6.738504410 -32.463863373 6.473917484 -0.480857223 -0.793175995 0.314563870 0.201737076
40.750000 6.734231949 -32.484947205 6.503561020 -0.525599897 -0.764137983 0.242999539 0.284234315
40.800000 6.727117538 -32.509410858 6.529876709 -0.562578201 -0.723811865 0.167845532 0.362532735
40.850000 6.716496468 -32.536125183 6.552574158 -0.591245949 -0.672793448 0.090212069 0.435475707
40.900000 6.701898575 -32.563835144 6.571552277 -0.611179531 -0.611836195 0.011245951 0.501985610
40.950000 6.683110714 -32.591232300 6.586956024 -0.622084618 -0.541840792 -0.067886293 0.561080098
41.000000 6.660135269 -32.617012024 6.599128723 -0.623800039 -0.463841081 -0.146015689 0.611886024
41.050000 6.633240700 -32.639980316 6.608610153 -0.616300464 -0.378989369 -0.221988082 0.653653026
41.100000 6.602920532 -32.659095764 6.616075516 -0.599696636 -0.288539022 -0.294681191 0.685764015
41.150000 6.134167671 -32.088615417 7.509044647 -0.216276780 0.436653644 -0.176244736 0.855275273
41.200000 6.783967972 -32.837383270 8.108782768 0.321927249 0.849343657 0.068325885 0.412686199
41.250000 7.546991825 -32.451850891 6.223657608 -0.184513927 0.062979490 -0.257871896 0.946303546
41.300000 8.866455078 -32.512462616 7.817371368 -0.457359821 -0.803116918 -0.257602960 0.281897277
41.350000 7.634368896 -32.500980377 6.230953217 -0.173194289 0.121664643 -0.276110917 0.937530935
41.400000 7.675031185 -32.504581451 6.232353210 -0.156446427 0.146328107 -0.287674397 0.933464587
41.450000 7.701506615 -32.520076752 6.234783173 -0.143018231 0.171727106 -0.297202736 0.928292096
41.500000 7.726135731 -32.533412933 6.235304832 -0.130034640 0.200402200 -0.307019472 0.921232343
41.550000 7.745163918 -32.538536072 6.235275269 -0.114272714 0.235879868 -0.317150354 0.911437392
41.600000 7.767934799 -32.554214478 6.234077454 -0.099845238 0.273217618 -0.325928897 0.899529576
41.650000 7.788661003 -32.573322296 6.231883049 -0.087193035 0.312263846 -0.332688212 0.885554790
41.700000 7.824861526 -32.598052979 6.224735260 -0.074813120 0.345950931 -0.337497920 0.872247756
41.750000 7.852147102 -32.625564575 6.167164326 -0.062977821 0.372599512 -0.342454523 0.860190868
41.800000 7.872151375 -32.636051178 6.160325050 -0.044860642 0.412876397 -0.346742332 0.841005623
41.850000 7.887851715 -32.654537201 6.147776127 -0.028081307 0.454634547 -0.350982845 0.818125904
41.900000 7.905839920 -32.664440155 6.139820099 -0.009623020 0.497820556 -0.354266912 0.791566193
41.950000 7.923107147 -32.676498413 6.124771118 0.006509586 0.540419042 -0.355795562 0.762439787
42.000000 7.938529015 -32.688346863 6.107688904 0.022623152 0.581436455 -0.356283277 0.731082797
42.050000 7.917689323 -32.670001984 6.167455673 0.035403725 0.639225245 -0.344084173 0.686836123
42.100000 7.924833298 -32.681324005 6.152269363 0.044097405 0.672956884 -0.338166684 0.656374812
42.150000 7.929991245 -32.686553955 6.137895584 0.051837508 0.701215684 -0.330817789 0.629419625
42.200000 7.925537586 -32.700954437 6.122366905 0.054377843 0.725667417 -0.324971557 0.604022741
42.250000 7.928066730 -32.703498840 6.114343643 0.060493659 0.747101188 -0.321789593 0.578473687
42.300000 7.928426266 -32.707927704 6.106554031 0.066970617 0.764199078 -0.322514623 0.554526031
42.350000 7.908182144 -32.713798523 6.114192963 0.070749164 0.781035006 -0.324965715 0.528560460
42.400000 7.871709824 -32.720161438 6.141613007 0.070919059 0.798363924 -0.327909082 0.500061274
42.450000 7.836915970 -32.726142883 6.171218872 0.071009442 0.814797640 -0.330484778 0.471001357
42.500000 7.803942680 -32.731796265 6.202907562 0.071020223 0.830317855 -0.332689971 0.441413432
42.550000 7.772924900 -32.737186432 6.236557007 0.070951380 0.844907105 -0.334522158 0.411330611
42.600000 7.743987560 -32.742366791 6.272039413 0.070802994 0.858549118 -0.335979313 0.380786598
42.650000 7.717241287 -32.747398376 6.309234619 0.070575230 0.871228456 -0.337059766 0.349815637
42.700000 7.692789555 -32.752342224 6.347999573 0.070268333 0.882930934 -0.337762296 0.318452477
42.750000 7.670733929 -32.757259369 6.388181686 0.069882654 0.893643498 -0.338086188 0.286732316
42.800000 7.676038742 -32.767696381 6.380548477 0.068499804 0.899748862 -0.330371588 0.276793033
42.850000 7.689963341 -32.771930695 6.368841171 0.069303498 0.906017363 -0.320118904 0.268054992
42.900000 7.688912868 -32.769382477 6.352750778 0.069867097 0.911284864 -0.310484588 0.261300176
42.950000 7.684429646 -32.791557312 6.358170509 0.067158870 0.916880488 -0.300809264 0.253640801
43.000000 7.747222424 -32.652473450 6.215726852 0.110779300 0.909131169 -0.290111244 0.277568012
43.050000 7.828929424 -32.513160706 6.083469391 0.154106200 0.898972869 -0.278644502 0.300759733
43.100000 7.928690910 -32.375110626 5.962772369 0.197024733 0.886432469 -0.266439438 0.323154509
43.150000 8.045460701 -32.239818573 5.854898453 0.239421204 0.871543229 -0.253528386 0.344693005
43.200000 8.178023338 -32.108741760 5.760965347 0.281183302 0.854344666 -0.239945561 0.365318179
43.250000 8.324974060 -31.983293533 5.681941986 0.322200328 0.834882259 -0.225726917 0.384975314
43.300000 8.484776497 -31.864830017 5.618652344 0.362363607 0.813207626 -0.210910156 0.403612405
43.350000 8.655745506 -31.754634857 5.571739197 0.401566714 0.789378226 -0.195534542 0.421180010
43.400000 8.836072922 -31.653896332 5.541687012 0.439705759 0.763457060 -0.179640815 0.437631577
43.450000 9.023863792 -31.563701630 5.528778076 0.476679713 0.735512972 -0.163271099 0.452923536
43.500000 9.217151642 -31.485040665 5.533134460 0.512390554 0.705619931 -0.146468744 0.467015326
43.550000 9.413900375 -31.418773651 5.554687500 0.546743751 0.673857212 -0.129278287 0.479869664
43.600000 9.612035751 -31.365625381 5.593189240 0.579648197 0.640308917 -0.111745268 0.491452396
43.650000 9.659587860 -31.425502777 5.549110413 0.588392138 0.638871968 -0.115980767 0.481856555
43.700000 9.681054115 -31.482339859 5.488910675 0.587210417 0.643867970 -0.115345173 0.476774156
43.750000 9.696768761 -31.540750504 5.437736511 0.591838598 0.644801736 -0.113138847 0.470273823
43.800000 9.723289490 -31.592668533 5.382362366 0.593735099 0.647655964 -0.109114744 0.464881063
43.850000 9.745529175 -31.647911072 5.325023651 0.597426534 0.648310244 -0.101589836 0.460928410
43.900000 9.769807816 -31.721401215 5.276493073 0.599210501 0.650141895 -0.093346722 0.457765013
43.950000 9.803628922 -31.766460419 5.225116730 0.601153255 0.649816692 -0.092919908 0.455761880
44.000000 9.837252617 -31.811384201 5.173480988 0.603091240 0.649486363 -0.092492349 0.453755111
44.050000 9.870663643 -31.856151581 5.121585846 0.605024278 0.649150729 -0.092064023 0.451744616
44.100000 9.903872490 -31.900777817 5.069435120 0.606952488 0.648809910 -0.091634966 0.449730545
44.150000 9.936863899 -31.945236206 5.017040253 0.608875692 0.648463786 -0.091205142 0.447712779
44.200000 9.969656944 -31.989553452 4.964385986 0.610794067 0.648112476 -0.090774603 0.445691466
44.250000 10.002242088 -32.033718109 4.911476135 0.612707496 0.647755921 -0.090343326 0.443666577
44.300000 10.034606934 -32.077716827 4.858310699 0.614615977 0.647394061 -0.089911312 0.441638082
44.350000 10.066760063 -32.121543884 4.804885864 0.616519451 0.647027016 -0.089478582 0.439606011
44.400000 10.098704338 -32.165214539 4.751205444 0.618417978 0.646654725 -0.089045137 0.437570393
44.450000 10.130446434 -32.208724976 4.697280884 0.620311558 0.646277189 -0.088610992 0.435531259
44.500000 10.161979675 -32.252071381 4.643100739 0.622200131 0.645894408 -0.088176131 0.433488548
44.550000 10.193314552 -32.295257568 4.588676453 0.624083698 0.645506442 -0.087740570 0.431442380
44.600000 10.224454880 -32.338287354 4.534008026 0.625962198 0.645113289 -0.087304316 0.429392725
44.650000 10.258157730 -32.407646179 4.384040833 0.616794467 0.658184946 -0.112110905 0.416879416
44.700000 10.245020866 -32.458824158 4.338329315 0.610496938 0.666375697 -0.102453411 0.415620387
44.750000 10.233308792 -32.509819031 4.292034149 0.604076326 0.674432158 -0.092775255 0.414277554
44.800000 10.223015785 -32.560585022 4.245162964 0.597533941 0.682352662 -0.083078407 0.412851214
44.850000 10.214133263 -32.611083984 4.197727203 0.590871096 0.690135539 -0.073364794 0.411341608
44.900000 10.206664085 -32.661273956 4.149723053 0.584089160 0.697779357 -0.063636385 0.409749061
44.950000 10.200603485 -32.711116791 4.101165771 0.577189445 0.705282509 -0.053895134 0.408073902
45.000000 10.195932388 -32.760574341 4.052047729 0.570173442 0.712643504 -0.044143002 0.406316429
45.050000 10.192644119 -32.809589386 4.002395630 0.563042402 0.719860792 -0.034381963 0.404477030
45.100000 10.190732956 -32.858123779 3.952211380 0.555797815 0.726933002 -0.024614001 0.402556121
45.150000 10.248144150 -32.890357971 3.888345718 0.554267764 0.724795759 -0.019394279 0.408757031
45.200000 10.248838425 -32.936824799 3.825294495 0.540765345 0.731171608 -0.007634931 0.415815771
45.250000 10.293083191 -32.976566315 3.777162552 0.535251439 0.733142793 -0.002057789 0.419527501
45.300000 10.328617096 -33.025550842 3.743743896 0.532775998 0.736585498 -0.001046905 0.416642010
45.350000 10.364336014 -33.074150085 3.709989548 0.530285954 0.740007997 -0.000035994 0.413745075
45.400000 10.400243759 -33.122371674 3.675897598 0.527781427 0.743410289 0.000974909 0.410836846
45.450000 10.436344147 -33.170215607 3.641460419 0.525262475 0.746792316 0.001985789 0.407917410
45.500000 10.472621918 -33.217685699 3.606689453 0.522729218 0.750153899 0.002996627 0.404986829
45.550000 10.509067535 -33.264770508 3.571580887 0.520181656 0.753494978 0.004007383 0.402045220
45.600000 10.545677185 -33.311466217 3.536132812 0.517619908 0.756815434 0.005018031 0.399092615
45.650000 10.582447052 -33.357765198 3.500347137 0.515043974 0.760115206 0.006028527 0.396129102
45.700000 10.619373322 -33.403678894 3.464221954 0.512454033 0.763394237 0.007038857 0.393154740
45.750000 10.656450272 -33.449195862 3.427764893 0.509850025 0.766652405 0.008048985 0.390169621
45.800000 10.704706192 -33.477207184 3.363267899 0.512500167 0.765018821 0.007342761 0.389917850
45.850000 10.766134262 -33.509105682 3.307306290 0.518236160 0.761664331 0.003821308 0.388952702
45.900000 10.811046600 -33.540840149 3.242612839 0.520566881 0.758744359 -0.000834491 0.391556442
45.950000 10.868833542 -33.571922302 3.178455353 0.524917424 0.751582086 -0.008136801 0.399399489
46.000000 10.917112350 -33.605110168 3.110864639 0.522985339 0.747684598 -0.014701443 0.408947378
46.050000 10.942495346 -33.644779205 3.062908173 0.516488075 0.750221670 -0.009756513 0.412689149
46.100000 10.968942642 -33.684112549 3.015239716 0.509945869 0.752693474 -0.004810730 0.416394949
46.150000 10.996425629 -33.723068237 2.967868805 0.503359199 0.755099654 0.000135476 0.420064420
46.200000 11.024944305 -33.761646271 2.920799255 0.496728718 0.757440090 0.005081672 0.423697293
46.250000 11.162801743 -33.700515747 2.737617493 0.507500589 0.753498912 -0.007441089 0.417884290
46.300000 11.299123764 -33.644340515 2.551734924 0.518108964 0.749314904 -0.019961460 0.411936641
46.350000 11.286148071 -33.757732391 2.607402802 0.502439499 0.763216376 -0.017308386 0.405901283
46.400000 11.329097748 -33.792762756 2.540523529 0.500109375 0.767625868 -0.018640228 0.400367022
46.450000 11.376007080 -33.831539154 2.490398407 0.500512421 0.770478010 -0.012090418 0.394594550
46.500000 11.408348083 -33.877998352 2.432643890 0.498232931 0.773649633 -0.003834481 0.391427487
46.550000 11.442003250 -33.920078278 2.385282516 0.499155194 0.774513662 0.004467874 0.388526380
46.600000 11.476053238 -33.961177826 2.337339401 0.500038028 0.775316536 0.012769882 0.385594577
46.650000 11.510492325 -34.001281738 2.288835526 0.500881433 0.776058257 0.021070881 0.382632345
46.700000 11.545307159 -34.040374756 2.239784241 0.501685262 0.776738644 0.029370219 0.379639834
46.750000 11.580490112 -34.078445435 2.190204620 0.502449512 0.777357697 0.037667245 0.376617342
46.800000 11.616056442 -34.115486145 2.140110016 0.503174186 0.777915418 0.045961298 0.373565137
46.850000 11.651996613 -34.151489258 2.089527130 0.503859103 0.778411746 0.054251719 0.370483428
46.900000 11.742019653 -34.069381714 1.912322998 0.495377243 0.768969119 0.020779952 0.403554469
46.950000 11.785583496 -34.083728790 1.836822510 0.489549369 0.767250538 0.023147104 0.413681448
47.000000 11.834825516 -34.108932495 1.778507233 0.486831576 0.766007364 0.026751645 0.418941766
47.050000 11.887844086 -34.134010315 1.717498779 0.484289378 0.766550720 0.024791084 0.421009868
47.100000 11.968151093 -34.151420593 1.678306580 0.488968700 0.766272843 0.020837249 0.416294962
47.150000 12.016633987 -34.169181824 1.603443146 0.486944407 0.771054149 0.015633032 0.410019934
47.200000 12.065048218 -34.192405701 1.549640656 0.487283885 0.777224422 0.014392723 0.397831082
47.250000 12.117742538 -34.237064362 1.591283798 0.495589793 0.783289790 0.027952230 0.374254823
47.300000 12.151792526 -34.266662598 1.492784500 0.490293771 0.786734521 0.033461809 0.373552144
47.350000 12.186494827 -34.295200348 1.394207001 0.484963059 0.790123582 0.038969029 0.372823030
47.400000 12.221843719 -34.322669983 1.295551300 0.479598075 0.793456733 0.044473495 0.372067600
47.450000 12.257816315 -34.349067688 1.196836472 0.474199146 0.796733677 0.049974807 0.371285826
47.500000 12.294403076 -34.374374390 1.098058701 0.468766689 0.799954295 0.055472575 0.370477796
47.550000 12.356683731 -34.379402161 1.038249969 0.470954269 0.801755428 0.052107554 0.364246130
47.600000 12.392505646 -34.403259277 0.973548889 0.472064257 0.802740932 0.047925547 0.361200243
47.650000 12.455705643 -34.417114258 0.917575836 0.477546155 0.801330447 0.037407383 0.358357370
47.700000 12.488967896 -34.436019897 0.847486496 0.479221076 0.799608052 0.027648775 0.360845685
47.750000 12.546081543 -34.454952240 0.793029785 0.481412321 0.797442913 0.023234602 0.363025010
47.800000 12.591745377 -34.474582672 0.736045837 0.479879230 0.796309114 0.022644453 0.367552698
47.850000 12.619581223 -34.499382019 0.672832489 0.474844038 0.795800924 0.024966270 0.374967694
47.900000 12.665346146 -34.523536682 0.621990204 0.472245395 0.794443846 0.026694555 0.380960256
47.950000 12.716745377 -34.541000366 0.571140289 0.469963104 0.793431818 0.022363372 0.386135459
48.000000 12.759487152 -34.556831360 0.517807007 0.466341704 0.794142365 0.014221480 0.389436960
48.050000 12.816499710 -34.574722290 0.479446411 0.466353714 0.795715749 0.006821683 0.386399060
48.100000 12.853178024 -34.598476410 0.441970825 0.464423120 0.799601376 0.001598723 0.380718112
48.150000 12.889284134 -34.622306824 0.403991699 0.462456137 0.803424358 -0.003624374 0.375007361
48.200000 12.924800873 -34.646205902 0.365520477 0.460452884 0.807184339 -0.008847197 0.369267225
48.250000 12.959747314 -34.670192719 0.326560974 0.458413541 0.810881138 -0.014069331 0.363498151
48.300000 12.994087219 -34.694259644 0.287124634 0.456338257 0.814514339 -0.019290367 0.357700586
48.350000 13.027812958 -34.718414307 0.247226715 0.454227209 0.818083644 -0.024509897 0.351874977
48.400000 13.060937881 -34.742660522 0.206871033 0.452080607 0.821588874 -0.029727509 0.346021801
48.450000 13.093452454 -34.766998291 0.166069031 0.449898571 0.825029790 -0.034942795 0.340141535
48.500000 13.139433861 -34.719547272 0.105186462 0.469049364 0.767595708 -0.032859422 0.435556978
48.550000 13.201948166 -34.725135803 0.050548553 0.472227454 0.751138091 -0.057939596 0.457641661
48.600000 13.240986824 -34.732261658 0.029300690 0.474848300 0.733772755 -0.078059845 0.479586720
48.650000 13.266807556 -34.752429962 -0.000541687 0.473117322 0.713554561 -0.096851453 0.507562578
48.700000 13.298563004 -34.768489838 -0.017177582 0.472231835 0.691110849 -0.115899548 0.534724534
48.750000 13.303838730 -34.782970428 -0.021415710 0.467964321 0.670393348 -0.130730376 0.560795605
48.800000 13.322094917 -34.799610138 -0.030517578 0.462556630 0.647836804 -0.143501997 0.588010371
48.850000 13.333525658 -34.820568085 -0.041347504 0.453192979 0.626645029 -0.152183458 0.615444899
48.900000 13.340980530 -34.834480286 -0.029182434 0.445969939 0.608282328 -0.159857050 0.636827409
48.950000 13.354099274 -34.852199554 -0.028049469 0.440568149 0.587422729 -0.170473054 0.657094598
49.000000 13.364609718 -34.870712280 -0.025547028 0.437419623 0.567623973 -0.182087541 0.673283994
49.050000 13.383419037 -34.877784729 -0.031188965 0.437487662 0.545039117 -0.196007311 0.687835813
49.100000 13.402154922 -34.885662079 -0.035900116 0.437155128 0.521955252 -0.209747598 0.701757848
49.150000 13.420765877 -34.894317627 -0.039657593 0.436422318 0.498393506 -0.223295838 0.715037405
49.200000 13.439187050 -34.903705597 -0.042444229 0.435289949 0.474375457 -0.236639634 0.727662265
49.250000 13.496858597 -34.910129547 0.091314316 0.425945222 0.442644000 -0.237565815 0.752462268
49.300000 13.469247818 -34.919258118 0.092575073 0.409140378 0.416152060 -0.256527245 0.770464420
49.350000 13.446855545 -34.927295685 0.093864441 0.393954426 0.381365925 -0.279979825 0.788017392
49.400000 13.427064896 -34.930877686 0.101934433 0.381640643 0.340029299 -0.304346889 0.803805649
49.450000 13.404081345 -34.935916901 0.111345291 0.369548500 0.294072598 -0.327582747 0.818318248
49.500000 13.456707001 -34.940860748 0.202840805 0.385161728 0.238457873 -0.358928978 0.816062689
49.550000 13.434623718 -34.940914154 0.206091881 0.368119031 0.183136329 -0.382080138 0.827625692
49.600000 13.411472321 -34.934146881 0.220565796 0.348895073 0.128694892 -0.403375745 0.836061001
49.650000 13.387975693 -34.924758911 0.232861519 0.328325033 0.073756941 -0.423115075 0.841270685
49.700000 13.472185135 -35.319786072 0.237147331 0.273806602 -0.008487830 -0.508343339 0.816422045
49.750000 13.471025467 -35.717826843 0.305842400 0.214464352 -0.090583071 -0.584615767 0.777189970
49.800000 13.420417786 -35.254493713 0.274635315 0.216445684 -0.099828042 -0.521830440 0.819071829
49.850000 13.406131744 -35.230148315 0.276113987 0.187590420 -0.143562540 -0.524652064 0.817887485
49.900000 13.398828506 -35.207088470 0.277120590 0.161986098 -0.182857826 -0.525031865 0.815269947
49.950000 13.367494583 -35.183986664 0.294678688 0.140507057 -0.212243840 -0.521335185 0.814505994
50.000000 13.294244766 -34.943851471 0.383191109 0.166407093 -0.200436324 -0.513261974 0.817738473
50.050000 13.403007507 -35.206871033 0.282491446 0.104131609 -0.261169225 -0.522407353 0.805007994
50.100000 13.352380753 -35.160820007 0.298849583 0.087462425 -0.273525119 -0.517487943 0.806064844
50.150000 13.340766907 -35.120971680 0.306796312 0.073903784 -0.287133336 -0.516514659 0.803309023
50.200000 13.331798553 -35.108959198 0.301936150 0.059190072 -0.301515281 -0.517920136 0.798338175
50.250000 13.317777634 -35.085426331 0.305446118 0.049286168 -0.314095378 -0.518652320 0.793671727
50.300000 13.308109283 -35.067306519 0.305390716 0.039398454 -0.325785279 -0.520390987 0.788355887
50.350000 13.296747208 -35.064479828 0.305811822 0.030304924 -0.337300390 -0.521067441 0.783453166
50.400000 13.282648087 -35.061977386 0.302487969 0.023559449 -0.348003000 -0.520280004 0.779517531
50.450000 13.270730972 -35.066429138 0.294974089 0.015703266 -0.360963702 -0.517835617 0.775438607
50.500000 13.258893967 -35.071002960 0.287401676 0.007843122 -0.373833299 -0.515260518 0.771164000
50.550000 13.247138977 -35.075702667 0.279775143 -0.000018996 -0.386608601 -0.512555420 0.766694784
50.600000 13.235462189 -35.080532074 0.272098064 -0.007881106 -0.399286360 -0.509720981 0.762032092
50.650000 13.223867416 -35.085494995 0.264377117 -0.015741231 -0.411863387 -0.506757975 0.757177174
50.700000 13.212360382 -35.090587616 0.256617069 -0.023597378 -0.424336463 -0.503667116 0.752131164
50.750000 13.200931549 -35.095809937 0.248817444 -0.031447567 -0.436702430 -0.500449181 0.746895373
50.800000 13.189584732 -35.101173401 0.240993500 -0.039289825 -0.448958278 -0.497105032 0.741471171
50.850000 13.178314209 -35.106674194 0.233141899 -0.047122166 -0.461100787 -0.493635416 0.735859871
50.900000 12.953424454 -35.185096741 0.216832161 -0.080004759 -0.386507183 -0.574124157 0.717351317
50.950000 12.905677795 -35.187961578 0.226091385 -0.090374477 -0.389624476 -0.574391186 0.714212954
51.000000 12.857948303 -35.190093994 0.235625267 -0.100732677 -0.392692149 -0.574585080 0.710983694
51.050000 12.810247421 -35.191493988 0.245428085 -0.111078076 -0.395709902 -0.574705958 0.707664132
51.100000 12.762586594 -35.192153931 0.255482674 -0.121409342 -0.398677319 -0.574753642 0.704254568
51.150000 12.714963913 -35.192070007 0.265774727 -0.131725162 -0.401594013 -0.574728251 0.700755417
51.200000 12.667385101 -35.191238403 0.276295662 -0.142024249 -0.404459655 -0.574629843 0.697167158
51.250000 12.619871140 -35.189662933 0.287028313 -0.152305275 -0.407273889 -0.574458361 0.693490207
51.300000 12.572437286 -35.187343597 0.297964096 -0.162566960 -0.410036355 -0.574213862 0.689725101
51.350000 12.525079727 -35.184261322 0.309074402 -0.172807962 -0.412746638 -0.573896289 0.685872197
51.400000 12.477821350 -35.180427551 0.320354462 -0.183026999 -0.415404439 -0.573505759 0.681932151
51.450000 12.430665970 -35.175838470 0.331792831 -0.193222761 -0.418009430 -0.573042274 0.677905440
51.500000 12.383626938 -35.170478821 0.343374252 -0.203393936 -0.420561254 -0.572505832 0.673792541
51.550000 12.268081665 -35.485912323 0.887304306 -0.125492364 -0.362952173 -0.667837024 0.637582242
51.600000 12.212413788 -35.498207092 0.941845894 -0.128162950 -0.368069738 -0.668638825 0.633262336
51.650000 12.206512451 -35.391555786 0.978098869 -0.117305428 -0.374271035 -0.660817802 0.639906645
51.700000 12.197021484 -35.285171509 1.014378548 -0.106417209 -0.380374432 -0.652823925 0.646383524
51.750000 12.183952332 -35.179157257 1.050627708 -0.095501132 -0.386378258 -0.644659221 0.652691245
51.800000 12.087074280 -35.276756287 1.112766266 -0.125268966 -0.399858236 -0.652105868 0.631806195
51.850000 12.036821365 -35.257209778 1.154253006 -0.130833313 -0.405705184 -0.652675092 0.626339495
51.900000 11.986589432 -35.236480713 1.195192337 -0.136385217 -0.411513478 -0.653182089 0.620813131
51.950000 11.936401367 -35.214565277 1.235565186 -0.141924113 -0.417282492 -0.653626740 0.615227520
52.000000 11.886268616 -35.191486359 1.275354385 -0.147449493 -0.423011750 -0.654009163 0.609583318
52.050000 11.836208344 -35.167236328 1.314535141 -0.152960792 -0.428700626 -0.654329121 0.603880942
52.100000 11.786237717 -35.141838074 1.353094101 -0.158457503 -0.434348643 -0.654586732 0.598120987
52.150000 11.736364365 -35.115303040 1.391016006 -0.163939103 -0.439955235 -0.654781938 0.592303991
52.200000 11.686609268 -35.087646484 1.428285599 -0.169405103 -0.445519865 -0.654914737 0.586430550
52.250000 11.636978149 -35.058864594 1.464872360 -0.174854949 -0.451041967 -0.654985070 0.580501139
52.300000 11.636152267 -34.922340393 1.489576340 -0.166311368 -0.436807156 -0.659976304 0.588193357
52.350000 11.634656906 -34.786796570 1.519151688 -0.157707974 -0.422415197 -0.664730191 0.595674038
52.400000 11.593587875 -34.842060089 1.628780365 -0.174308673 -0.429500610 -0.670619488 0.579150438
52.450000 11.553850174 -34.762451172 1.638862610 -0.177224711 -0.425958365 -0.664584577 0.587773919
52.500000 11.513126373 -34.683433533 1.649591446 -0.180117384 -0.422359973 -0.658462107 0.596319973
52.550000 11.510848999 -34.639209747 1.741970062 -0.178923771 -0.434031636 -0.656513214 0.590417922
52.600000 11.473747253 -34.704944611 1.815904617 -0.195489317 -0.449103534 -0.649673164 0.581390440
52.650000 11.435716629 -34.766525269 1.892866135 -0.211931735 -0.463892579 -0.642423928 0.571996748
52.700000 11.396808624 -34.823799133 1.972646713 -0.228240624 -0.478389382 -0.634770036 0.562242746
52.750000 11.357082367 -34.876628876 2.055038452 -0.244405746 -0.492584884 -0.626716375 0.552134633
52.800000 11.316577911 -34.924873352 2.139816284 -0.260416925 -0.506470084 -0.618267953 0.541678667
52.850000 11.275348663 -34.968429565 2.226772308 -0.276264131 -0.520036399 -0.609430194 0.530881524
52.900000 11.233476639 -35.007190704 2.315662384 -0.291937321 -0.533275127 -0.600208580 0.519749999
52.950000 11.190998077 -35.041046143 2.406242371 -0.307426602 -0.546177924 -0.590608895 0.508291006
53.000000 11.147985458 -35.069923401 2.498275757 -0.322722226 -0.558736742 -0.580637276 0.496511877
53.050000 11.104496002 -35.093746185 2.591518402 -0.337814599 -0.570943594 -0.570299923 0.484420002
53.100000 11.060602188 -35.112457275 2.685729980 -0.352694213 -0.582790792 -0.559603393 0.472023010
53.150000 9.427596092 -35.833797455 3.022541046 -0.310828030 -0.256424814 -0.116952002 0.907719374
53.200000 9.380846024 -35.764186859 3.080028534 -0.313668251 -0.245473489 -0.123099245 0.908956349
53.250000 9.336442947 -35.693778992 3.138397455 -0.316455960 -0.234481081 -0.129225880 0.910041213
53.300000 9.294416428 -35.622619629 3.197609425 -0.319190741 -0.223449424 -0.135330901 0.910973787
53.350000 9.318711281 -35.627376556 3.264053106 -0.321722180 -0.241119415 -0.127560124 0.906688869
53.400000 9.301067352 -35.580856323 3.320044994 -0.318730026 -0.246423244 -0.123481289 0.906884313
53.450000 9.303888321 -35.565143585 3.377681732 -0.320094496 -0.256883621 -0.113564730 0.904794693
53.500000 10.607497215 -35.424003601 3.729466438 -0.292852759 -0.409865886 -0.132832155 0.853582382
53.550000 11.720233917 -35.198081970 4.473672867 -0.257663101 -0.551724553 -0.148494557 0.779204130
53.600000 12.522398949 -34.901050568 5.527896881 -0.215480596 -0.678609669 -0.160126880 0.683678627
53.650000 12.927780151 -34.554233551 6.776292801 -0.167450011 -0.787077606 -0.167413428 0.569598317
53.700000 12.892926216 -34.184333801 8.082067490 -0.114874884 -0.874184489 -0.170156434 0.440059274
53.750000 6.421301842 -32.335758209 7.284574986 -0.103455402 0.531256676 -0.195825174 0.817750454
53.800000 10.289302826 -35.120735168 3.961943626 -0.300758153 -0.437179267 -0.134066388 0.836925983
53.850000 11.713596344 -33.866756439 9.453426361 -0.203023657 -0.976751864 0.059208632 0.035095178
53.900000 6.570547104 -32.478492737 7.149115562 -0.112947099 0.497083962 -0.204202503 0.835734308
53.950000 10.127260208 -34.972362518 4.077138424 -0.291015655 -0.434288889 -0.139756843 0.840934634
54.000000 11.882282257 -34.018806458 9.008396149 -0.206196934 -0.973349512 0.050937314 0.086481668
54.050000 6.944253922 -32.241832733 8.133806229 0.064888567 -0.633140624 0.195617557 -0.746093988
54.100000 9.144603729 -34.568840027 3.885258436 0.277357370 0.279012024 0.163587868 -0.904690146
54.150000 9.954370499 -34.674911499 4.323348045 -0.307088166 -0.427952707 -0.160898015 0.834664762
54.200000 10.600228310 -34.665676117 4.987934113 0.328227252 0.564920127 0.153706536 -0.741287112
54.250000 11.019422531 -34.523387909 5.802124023 -0.340183139 -0.686082125 -0.142214641 0.627169669
54.300000 9.808639526 -34.499244690 4.461875439 -0.284230053 -0.430746287 -0.143211722 0.844488800
54.350000 9.742993355 -34.418090820 4.487987518 -0.276669592 -0.428825855 -0.140389144 0.848441660
54.400000 9.638256073 -34.413196564 4.520573139 -0.284241915 -0.425215751 -0.130200252 0.849379838
54.450000 9.581448555 -34.374820709 4.557785511 -0.290408731 -0.428167939 -0.127597466 0.846199691
54.500000 9.524466515 -34.335884094 4.594140530 -0.296557099 -0.431092888 -0.124986582 0.842965662
54.550000 9.473836899 -34.302200317 4.655191422 -0.305947393 -0.428827703 -0.139317110 0.838506877
54.600000 9.428887367 -34.275562286 4.703951836 -0.307621002 -0.431138396 -0.141289413 0.836376905
54.650000 9.383728027 -34.248596191 4.752341747 -0.309289545 -0.433441967 -0.143259376 0.834233105
54.700000 9.338364601 -34.221305847 4.800356865 -0.310952991 -0.435738325 -0.145226985 0.832075477
54.750000 9.292799950 -34.193687439 4.847989082 -0.312611252 -0.438027442 -0.147192195 0.829904020
54.800000 9.247035980 -34.165740967 4.895241737 -0.314264357 -0.440309286 -0.149154976 0.827718854
54.850000 9.201081276 -34.137466431 4.942110062 -0.315912277 -0.442583829 -0.151115298 0.825519979
54.900000 9.154932976 -34.108871460 4.988595963 -0.317554981 -0.444851041 -0.153073147 0.823307455
54.950000 9.037704468 -33.800613403 5.132697105 -0.270663202 -0.401392341 -0.131046623 0.865131497
55.000000 8.975593567 -33.744789124 5.171902657 -0.280654579 -0.396405578 -0.132170632 0.864075541
55.050000 9.020938873 -33.655452728 5.247653484 -0.282845616 -0.408281177 -0.139559984 0.856637537
55.100000 8.852255821 -33.633804321 5.242970467 -0.291565359 -0.391154081 -0.132748351 0.862766504
55.150000 8.683589935 -33.611591339 5.244874954 -0.300152928 -0.373849660 -0.125876546 0.868504405
55.200000 8.771609306 -33.530776978 5.337713242 -0.287817061 -0.402730107 -0.124489464 0.859925687
55.250000 8.717317581 -33.479980469 5.382726192 -0.287440091 -0.407199025 -0.117055468 0.858990788
55.300000 8.671890259 -33.439407349 5.430596828 -0.290808737 -0.413701087 -0.116017401 0.854881108
55.350000 8.638480186 -33.416336060 5.483413219 -0.299131483 -0.420198560 -0.119700924 0.848307252
55.400000 8.604452133 -33.392028809 5.535274982 -0.307403952 -0.426625341 -0.123364314 0.841590703
55.450000 8.569836617 -33.366493225 5.586152077 -0.315624684 -0.432980329 -0.127006948 0.834732592
55.500000 8.534656525 -33.339744568 5.636006832 -0.323792279 -0.439262450 -0.130628198 0.827733934
55.550000 8.498943329 -33.311794281 5.684813023 -0.331905395 -0.445470631 -0.134227470 0.820595980
55.600000 8.849559784 -33.432537079 6.063344002 -0.333897233 -0.466771007 0.025695477 0.818521380
55.650000 8.798415184 -33.401519775 6.093163490 -0.331207722 -0.469176620 0.020837426 0.818376780
55.700000 8.747179031 -33.370574951 6.122892380 -0.328506082 -0.471565038 0.015978601 0.818202257
55.750000 8.648746490 -33.285160065 6.137644768 -0.334040940 -0.463118434 0.022452578 0.820630133
55.800000 8.572963715 -33.273193359 6.179619789 -0.346648008 -0.460085094 0.018952247 0.817188919
55.850000 8.497383118 -33.258934021 6.221256256 -0.359188467 -0.456963301 0.015448269 0.813590586
55.900000 8.452568054 -33.166072845 6.248402596 -0.342921138 -0.459859639 0.020993799 0.818836689
55.950000 8.390274048 -33.126899719 6.280703545 -0.334680289 -0.458711863 0.026204363 0.822730780
56.000000 8.330680847 -33.095275879 6.319070816 -0.326977938 -0.460145593 0.037028357 0.824609220
56.050000 8.281564713 -33.071430206 6.357999802 -0.321759194 -0.465352356 0.048149157 0.823164582
56.100000 6.829288483 -32.359138489 6.514362335 0.537414849 0.764708281 -0.253111571 -0.249682128
56.150000 6.043841362 -32.909141541 5.202289581 -0.480594158 -0.676347196 0.329743147 -0.450392395
56.200000 6.700634480 -34.383464813 5.012665749 0.180106059 0.245069355 -0.239190683 0.922112107
56.250000 7.020888329 -34.807178497 6.548529148 0.211698115 0.310461789 0.027365496 -0.926309109
56.300000 5.821824074 -34.065956116 7.357101440 -0.496168613 -0.708584845 0.198334351 0.460855454
56.350000 4.611351013 -34.108562469 6.273628235 0.529075265 0.747446179 -0.323476106 0.238257885
56.400000 4.917591095 -35.495609283 5.484141350 -0.293733895 -0.407342613 0.284611255 -0.816571414
56.450000 5.582583427 -36.406719208 6.654028893 -0.090534382 -0.139288947 -0.101444788 0.980872631
56.500000 4.813023090 -35.864387512 7.978649139 0.428900570 0.615299165 -0.133155495 -0.647858679
56.550000 3.356193542 -35.465152740 7.379324913 -0.549808621 -0.779344797 0.300244242 -0.013628001
56.600000 3.176512718 -36.552120209 6.184667587 0.391956508 0.548252463 -0.315105259 0.668205142
56.650000 3.976595879 -37.836357117 6.777616024 -0.035377387 -0.039189063 0.170203850 -0.983993590
56.700000 3.723894596 -37.679561615 8.375285149 -0.339138508 -0.489743680 0.060993094 0.800884604
56.750000 2.250331879 -36.995483398 8.415430069 0.541706800 0.770370126 -0.261265755 -0.211716756
56.800000 1.549966931 -37.631683350 7.094169617 -0.469622731 -0.660408914 0.329073310 -0.484794199
56.850000 2.247534752 -39.097530365 7.018647671 0.159433931 0.215611979 -0.230036467 0.935508192
56.900000 6.567448616 -32.999671936 6.820909977 -0.401730955 -0.355986476 -0.040657714 0.842753172
56.950000 10.806997299 -28.638023376 2.475005150 -0.687268794 -0.683343112 0.176616237 0.171786398
57.000000 17.747585297 -27.333175659 0.023437500 -0.501272500 -0.541859031 0.272714078 -0.617042720
57.050000 24.029359818 -23.455589294 1.201629519 0.028646106 -0.028606310 0.181703210 -0.982519746
57.100000 27.790384293 -17.225265503 -0.507843018 0.538910687 0.504273117 -0.033973966 -0.673891425
57.150000 32.900054932 -14.211536407 -5.056824684 0.679429412 0.691171527 -0.226341665 0.097092807
57.200000 40.161403656 -12.670283318 -5.941078186 0.353792638 0.403858185 -0.263416678 0.801461816
57.250000 45.485271454 -7.509477139 -4.988719463 -0.214580745 -0.160541683 -0.119761892 0.955949068
57.300000 49.187683105 -1.866733551 -8.203697205 -0.635730624 -0.614794135 0.106061339 0.454561144
57.350000 55.271297455 0.024570465 -12.114852905 -0.620706737 -0.647237301 0.259116054 -0.358700454
57.400000 62.324718475 2.460556269 -11.668162346 -0.179816946 -0.235612020 0.234391719 -0.925858259
57.450000 66.731544495 8.498914719 -11.717857361 0.384444922 0.337666273 0.048851624 -0.857786179
57.500000 70.892822266 13.006755829 -15.989562988 0.684939802 0.679272294 -0.170205489 -0.201188520
57.550000 77.767890930 14.331069946 -18.609485626 0.515498579 0.554830730 -0.272484899 0.593444288
57.600000 84.145851135 18.057085037 -17.459428787 -0.007625324 0.049720738 -0.187812865 0.980915964
57.650000 87.946044922 24.309394836 -18.992843628 -0.525517464 -0.489502519 0.025717258 0.695382833
57.700000 92.948791504 27.468650818 -23.561872482 -0.682852983 -0.692878962 0.221602812 -0.067251101
57.750000 100.200210571 28.948074341 -24.616676331 -0.371684402 -0.420872480 0.265447140 -0.783744156
57.800000 105.633705139 33.980278015 -23.597587585 0.194496110 0.139893785 0.127168700 -0.962511897
57.850000 109.316040039 39.720027924 -26.660293579 0.627233267 0.604679227 -0.098359942 -0.480902195
57.900000 115.295516968 41.713394165 -30.679851532 0.629626870 0.654595435 -0.256404042 0.330653578
57.950000 122.397529602 44.024421692 -30.355785370 0.200034782 0.255394995 -0.238529891 0.915348589
58.000000 126.895195007 49.994930267 -30.263526917 -0.366800785 -0.319031447 -0.057000823 0.872024655
58.050000 130.983047485 54.646316528 -34.451435089 -0.681975007 -0.674571097 0.163636401 0.230406344
58.100000 137.787384033 55.999214172 -37.236244202 -0.529247522 -0.567288816 0.272003025 -0.569293380
58.150000 144.258148193 59.573898315 -36.124862671 -0.013404304 -0.070790730 0.193748862 -0.978402019
58.200000 148.103713989 65.839012146 -37.482833862 0.511635542 0.474276662 -0.017435994 -0.716230989
58.250000 153.001266479 69.146087646 -42.061191559 0.685643315 0.693943799 -0.216658026 0.037344616
58.300000 160.236099243 70.572250366 -43.288917542 0.389232606 0.437497526 -0.267231435 0.765298128
58.350000 165.779357910 75.471160889 -42.213180542 -0.174229771 -0.119114883 -0.134457946 0.968182206
58.400000 169.448211670 81.300666809 -45.118446350 -0.618153453 -0.594002843 0.090566866 0.506798446
58.450000 175.321609497 83.402709961 -49.237747192 -0.637963355 -0.661346674 0.253453970 -0.302298605
58.500000 182.466094971 85.594223022 -49.043792725 -0.220068023 -0.274942011 0.242446840 -0.903989255
58.550000 187.058181763 91.488685608 -48.816173553 0.348815560 0.300099760 0.065097444 -0.885454774
58.600000 191.077651978 96.280334473 -52.910980225 0.678377569 0.669243753 -0.156915158 -0.259411663
58.650000 197.806198120 97.670837402 -55.856613159 0.542506099 0.579220951 -0.271268606 0.544613302
58.700000 204.365982056 101.094894409 -54.794296265 0.034422327 0.091795899 -0.199505255 0.974980235
58.750000 208.262878418 107.363571167 -55.977977753 -0.497278541 -0.458610088 0.009138244 0.736415267
58.800000 213.057250977 110.820266724 -60.554946899 -0.687797666 -0.694364727 0.211512014 -0.007402578
58.850000 220.268890381 112.201812744 -61.957363129 -0.406420290 -0.453717202 0.268767893 -0.746141553
58.900000 225.921554565 116.963226318 -60.835197449 0.153801128 0.098224692 0.141622707 -0.972954333
58.950000 229.583557129 122.874847412 -63.578414917 0.608499825 0.582774878 -0.082689472 -0.532225370
59.000000 235.349212646 125.091957092 -67.788482666 0.645708144 0.667484581 -0.250268549 0.273662210
59.050000 242.529907227 127.169769287 -67.731796265 0.239897534 0.294234633 -0.246138945 0.891790807
59.100000 247.219741821 132.980255127 -67.375816345 -0.330506235 -0.280889034 -0.073133960 0.898063719
59.150000 251.176208496 137.908538818 -71.368515015 -0.674150527 -0.663295329 0.150048062 0.288177222
59.200000 257.824188232 139.345611572 -74.470451355 -0.555261612 -0.590616226 0.270282447 -0.519427001
59.250000 264.469055176 142.620223999 -73.467498779 -0.055409040 -0.112716742 0.205076709 -0.970653594
59.300000 268.423187256 148.883239746 -74.478569031 0.482459575 0.442517459 -0.000831718 -0.755916953
59.350000 273.116729736 152.490905762 -79.043403625 0.689313769 0.694141388 -0.206169471 -0.022547420
59.400000 280.298706055 153.836807251 -80.621658325 0.423231423 0.469516575 -0.270054728 0.726291835
59.450000 286.060211182 158.457000732 -79.463470459 -0.133229032 -0.077242531 -0.148656115 0.976823986
59.500000 289.722106934 164.442932129 -82.040687561 -0.598281324 -0.571005702 0.074735120 0.557159424
59.550000 295.379028320 166.780807495 -86.332145691 -0.652854264 -0.673003256 0.246850774 -0.244770810
59.600000 302.589569092 168.751281738 -86.419105530 -0.259505481 -0.313254893 0.249602705 -0.878764391
59.650000 307.379943848 174.470306396 -85.942413330 0.311889321 0.261416882 0.081102856 -0.909839869
59.700000 311.278930664 179.530944824 -89.824447632 0.669297636 0.656731248 -0.143041462 -0.316676497
59.750000 317.841979980 181.023208618 -93.077384949 0.567502379 0.601463854 -0.269045383 0.493757904
59.800000 324.567443848 184.150253296 -92.143737793 0.076345138 0.133533612 -0.210457921 0.965426207
59.850000 328.584350586 190.398376465 -92.984764099 -0.467192292 -0.426013768 -0.007475773 0.774717927
59.900000 333.180053711 194.157608032 -97.526763916 -0.690190256 -0.693274140 0.200635448 0.052477583
59.950000 340.325897217 195.476867676 -99.281333923 -0.439650327 -0.484880775 0.271091193 -0.705767512
60.000000 346.195068359 199.952697754 -98.097740173 0.112532645 0.056188136 0.155551940 -0.979787230
60.050000 349.863433838 206.004623413 -100.505592346 0.587507248 0.558706522 -0.066711172 -0.581577122
60.100000 355.410705566 208.468734741 -104.868797302 0.659394443 0.677897692 -0.243203953 0.215651646
60.150000 362.644561768 210.338455200 -105.105560303 0.278872699 0.331984907 -0.252835095 0.864922285
60.200000 367.538085938 215.958633423 -104.516052246 -0.292982906 -0.241701931 -0.088996708 0.920771897
60.250000 371.385345459 221.146942139 -108.279106140 -0.663823664 -0.649557650 0.135902122 0.344882190
60.300000 377.859191895 222.702972412 -111.677322388 -0.579216659 -0.611753464 0.267558753 -0.467630297
60.350000 384.660614014 225.684783936 -110.822822571 -0.097210631 -0.154226780 0.215644047 -0.959302843
60.400000 388.745697021 231.908767700 -111.496849060 0.451491326 0.409114480 0.015776498 -0.792800128
60.450000 393.246582031 235.819747925 -116.005378723 0.690426230 0.691763401 -0.194915250 -0.082359388
60.500000 400.349975586 237.121459961 -117.936019897 0.455661565 0.499795318 -0.271876127 0.684587896
60.550000 406.325378418 241.450271606 -116.737617493 -0.091731250 -0.035081007 -0.162303567 0.981841266
60.600000 410.006958008 247.559906006 -118.973411560 -0.576187491 -0.545888305 0.058625024 0.605456054
60.650000 415.444305420 250.155075073 -123.398437500 -0.665323138 -0.682163179 0.239331171 -0.186330840
60.700000 422.694946289 251.931243896 -123.790176392 -0.297982424 -0.350407839 0.255832881 -0.850276709
60.750000 427.693634033 257.445922852 -123.096420288 0.273803204 0.221761346 0.096808404 -0.930850089
60.800000 431.495208740 262.756591797 -126.733016968 0.657733202 0.641780674 -0.128636047 -0.372769862
60.850000 437.876403809 264.384460449 -130.270004272 0.590394258 0.621476114 -0.265823722 0.441066772
60.900000 444.748687744 267.224273682 -129.503936768 0.117987365 0.174778417 -0.220630467 0.952288687
60.950000 448.907104492 273.415191650 -130.015029907 -0.435370326 -0.391834289 -0.024063254 0.810147882
61.000000 453.317016602 277.477172852 -134.479721069 -0.690021634 -0.689610541 0.189013720 0.112166807
61.050000 460.372009277 278.770629883 -136.585418701 -0.471250892 -0.514246821 0.272408843 -0.662771642
61.100000 466.451660156 282.950531006 -135.382965088 0.070843771 0.013940301 0.168905035 -0.982984185
61.150000 470.153076172 289.109100342 -137.444808960 0.564332724 0.532563031 -0.050484072 -0.628773868
61.200000 475.480651855 291.839721680 -141.921432495 0.670634508 0.685795665 -0.235236168 0.156836569
61.250000 482.741394043 293.529785156 -142.472991943 0.316815704 0.368505627 -0.258593380 0.834841907
61.300000 487.846923828 298.932434082 -141.683914185 -0.254369557 -0.201615170 -0.104530364 0.940064371
61.350000 491.609100342 304.359619141 -145.186645508 -0.651032507 -0.633408308 0.121250659 0.400311083
61.400000 497.893920898 306.067626953 -148.855545044 -0.601023734 -0.630621672 0.263841957 -0.414094567
61.450000 504.831848145 308.768676758 -148.187271118 -0.138654187 -0.195167169 0.225411966 -0.944391012
61.500000 509.068298340 314.917236328 -148.539581299 0.418845594 0.374190986 0.032327425 -0.826743305
61.550000 513.390991211 319.129333496 -152.949874878 0.688976526 0.686817706 -0.182936877 -0.141869307
61.600000 520.391479492 320.423797607 -155.229034424 0.486402631 0.528220713 -0.272688717 0.640340745
61.650000 526.572998047 324.453247070 -154.033340454 -0.049890704 0.007212984 -0.175349593 0.983214855
61.700000 530.300781250 330.651947021 -155.919708252 -0.551954091 -0.518743575 0.042296391 0.651508093
61.750000 535.518981934 333.522033691 -160.437622070 -0.675323367 -0.688791692 0.230922967 -0.127196416
61.800000 542.783203125 335.133575439 -161.153366089 -0.335355312 -0.386261821 0.261114031 -0.818631828
61.850000 547.997070312 340.418212891 -160.277862549 0.234699026 0.181281149 0.112155557 -0.948406398
61.900000 551.725952148 345.956298828 -163.640045166 0.643727005 0.624447703 -0.113752536 -0.427482128
61.950000 557.911621094 347.751861572 -167.433929443 0.611095846 0.639182568 -0.261615396 0.386736333
62.000000 564.910034180 350.318115234 -166.871902466 0.159193560 0.215376124 -0.229984686 0.935616195
62.050000 569.229187012 356.416076660 -167.070190430 -0.401930928 -0.356199265 -0.040562157 0.842572451
62.100000 573.468750000 360.776794434 -171.416397095 -0.687291741 -0.683387399 0.176689968 0.171442196
62.150000 580.409362793 362.081237793 -173.866989136 -0.501103640 -0.541705370 0.272715598 -0.617314100
62.200000 586.690368652 365.959381104 -172.688491821 0.028890243 -0.028360842 0.181631818 -0.982532918
62.250000 590.450927734 372.189392090 -174.398788452 0.539062619 0.504441977 -0.034069020 -0.673638761
62.300000 595.560729980 375.202087402 -178.947540283 0.679385722 0.691148579 -0.226395190 0.097437076
62.350000 602.821777344 376.743377686 -179.830886841 0.353584260 0.403660119 -0.263392240 0.801661551
62.400000 608.144836426 381.904541016 -178.878768921 -0.214810312 -0.160778329 -0.119676694 0.955868423
62.450000 611.847045898 387.546630859 -182.094329834 -0.635824203 -0.614907265 0.106148675 0.454256803
62.500000 617.930786133 389.437377930 -186.004943848 -0.620600939 -0.647150159 0.259145766 -0.359019071
62.550000 624.983764648 391.873596191 -185.557769775 -0.179585174 -0.235385269 0.234343767 -0.925973058
62.600000 629.389953613 397.912048340 -185.607818604 0.384643406 0.337876797 0.048759189 -0.857619524
62.650000 633.551208496 402.419128418 -189.879776001 0.684969306 0.679322541 -0.170278922 -0.200855821
62.700000 640.426269531 403.743103027 -192.498916626 0.515339732 0.554687083 -0.272489190 0.593714535
62.750000 646.803649902 407.469604492 -191.348632812 -0.007862990 0.049482364 -0.187745363 0.980939090
62.800000 650.603393555 413.721740723 -192.882690430 -0.525670886 -0.489672065 0.025810039 0.695144057
62.850000 655.606323242 416.880249023 -197.451660156 -0.682817400 -0.692863941 0.221657291 -0.067587271
62.900000 662.857543945 418.359741211 -198.505737305 -0.371484846 -0.420683831 0.265426129 -0.783947229
62.950000 668.290405273 423.392120361 -197.486846924 0.194722459 0.140126288 0.127086818 -0.962443173
63.000000 671.972473145 429.131347656 -200.549865723 0.627331197 0.604796171 -0.098446377 -0.480609626
63.050000 677.951965332 431.124267578 -204.569046021 0.629529715 0.654517174 -0.256435841 0.330968767
63.100000 685.053588867 433.435363770 -204.244750977 0.199809745 0.255175889 -0.238485456 0.915470481
63.150000 689.550842285 439.405761719 -204.152709961 -0.366999090 -0.319240838 -0.056910887 0.871870458
63.200000 693.638488770 444.056640625 -208.340682983 -0.682010949 -0.674627364 0.163710058 0.230082735
63.250000 700.442626953 445.409210205 -211.125076294 -0.529097140 -0.567153990 0.272010028 -0.569564104
63.300000 706.912902832 448.983947754 -210.013534546 -0.013171329 -0.070557930 0.193684682 -0.978434682
63.350000 710.758056641 455.248840332 -211.371658325 0.511791229 0.474447757 -0.017527144 -0.716004133
63.400000 715.655395508 458.555358887 -215.949966431 0.685615301 0.693936229 -0.216713652 0.037674688
63.450000 722.889831543 459.981384277 -217.177307129 0.389040768 0.437317133 -0.267213553 0.765505016
63.500000 728.432556152 464.880187988 -216.101562500 -0.174453467 -0.119343959 -0.134379029 0.968124688
63.550000 732.101013184 470.709411621 -219.006866455 -0.618255675 -0.594123542 0.090652570 0.506516814
63.600000 737.974121094 472.811035156 -223.126007080 -0.637874544 -0.661276758 0.253487676 -0.302610785
63.650000 745.118225098 475.002319336 -222.931838989 -0.219849452 -0.274729848 0.242405683 -0.904118001
63.700000 749.709838867 480.896545410 -222.704132080 0.349013686 0.300308377 0.065009825 -0.885312438
63.750000 753.728820801 485.687805176 -226.798919678 0.678419530 0.669305861 -0.156989068 -0.259096652
63.800000 760.456909180 487.077911377 -229.744476318 0.542363763 0.579094589 -0.271278232 0.544884503
63.850000 767.016357422 490.501586914 -228.681930542 0.034193892 0.091568321 -0.199444234 0.975022137
63.900000 770.912780762 496.770202637 -229.865371704 -0.497436255 -0.458782762 0.009227852 0.736200035
63.950000 775.706604004 500.226745605 -234.442504883 -0.687776923 -0.694364429 0.211568728 -0.007726547
64.000000 782.917968750 501.607788086 -235.845031738 -0.406236023 -0.453544855 0.268752962 -0.746352017
64.050000 788.570312500 506.368804932 -234.722442627 0.154022098 0.098450430 0.141546607 -0.972907662
64.100000 792.231689453 512.280578613 -237.465377808 0.608606040 0.582899153 -0.082774408 -0.531954527
64.150000 797.996948242 514.497436523 -241.675811768 0.645627439 0.667422712 -0.250304163 0.273970813
64.200000 805.177612305 516.574707031 -241.618896484 0.239686012 0.294029713 -0.246101066 0.891925693
64.250000 809.867004395 522.385131836 -241.262390137 -0.330703139 -0.281096101 -0.073048867 0.897933424
64.300000 813.822631836 527.313354492 -245.255126953 -0.674197972 -0.663362801 0.150121912 0.287872016
64.350000 820.470336914 528.749816895 -248.357208252 -0.555127919 -0.590498567 0.270294577 -0.519697428
64.400000 827.115051270 532.023925781 -247.353805542 -0.055186365 -0.112495139 0.205018982 -0.970704198
64.450000 831.068481445 538.286987305 -248.364471436 0.482618332 0.442690790 -0.000919463 -0.755713999
64.500000 835.761352539 541.894592285 -252.929595947 0.689300179 0.694148004 -0.206227034 -0.022230918
64.550000 842.943115234 543.239807129 -254.507934570 0.423055440 0.469352573 -0.270042956 0.726504683
64.600000 848.704406738 547.859680176 -253.349258423 -0.133446231 -0.077464119 -0.148583338 0.976787806
64.650000 852.365600586 553.845764160 -255.926208496 -0.598390877 -0.571132958 0.074818820 0.556900024
64.700000 858.022094727 556.183288574 -260.218078613 -0.652781546 -0.672949374 0.246888056 -0.245075047
64.750000 865.232604980 558.153198242 -260.304840088 -0.259300917 -0.313057423 0.249568120 -0.878904939
64.800000 870.022644043 563.872070312 -259.827575684 0.312085241 0.261622131 0.081020333 -0.909721076
64.850000 873.921020508 568.932861328 -263.709655762 0.669350743 0.656803608 -0.143115222 -0.316380590
64.900000 880.483764648 570.424621582 -266.963012695 0.567376912 0.601354361 -0.269059926 0.494027525
64.950000 887.209228516 573.551086426 -266.029083252 0.076127663 0.133317962 -0.210403487 0.965485036
65.000000 891.225708008 579.799255371 -266.869628906 -0.467352480 -0.426187485 -0.007389937 0.774526536
65.050000 895.820739746 583.558532715 -271.411773682 -0.690183640 -0.693287134 0.200693801 0.052167971
65.100000 902.966247559 584.877197266 -273.166748047 -0.439482123 -0.484724849 0.271082282 -0.705982804
65.150000 908.835571289 589.352416992 -271.982604980 0.112746567 0.056405533 0.155482128 -0.979761243
65.200000 912.503356934 595.404785156 -274.389831543 0.587620199 0.558836281 -0.066793792 -0.581328809
65.250000 918.049865723 597.869018555 -278.753662109 0.659329653 0.677851379 -0.243242651 0.215951189
65.300000 925.283874512 599.737792969 -278.990661621 0.278675467 0.331795126 -0.252803624 0.865067840
65.350000 930.177429199 605.357666016 -278.400085449 -0.293176979 -0.241904661 -0.088916942 0.920664549
65.400000 934.023803711 610.546569824 -282.162902832 -0.663881779 -0.649634540 0.135975361 0.344596565
65.450000 940.496887207 612.102294922 -285.562194824 -0.579099536 -0.611652434 0.267575413 -0.467897952
65.500000 947.298645020 615.082702637 -284.707641602 -0.096999198 -0.154017806 0.215592921 -0.959369302
65.550000 951.383483887 621.306640625 -285.380249023 0.451651931 0.409287840 0.015692910 -0.792620838
65.600000 955.883178711 625.218017578 -289.888885498 0.690426350 0.691782594 -0.194973961 -0.082058176
65.650000 962.986083984 626.519042969 -291.820556641 0.455501765 0.499647886 -0.271869928 0.684804261
65.700000 968.961914062 630.846679688 -290.621612549 -0.091940865 -0.035293385 -0.162237003 0.981825054
65.750000 972.643005371 636.956787109 -292.856140137 -0.576303184 -0.546020031 0.058706131 0.605219245
65.800000 978.079101562 639.552368164 -297.281860352 -0.665266037 -0.682124376 0.239371225 -0.186625242
65.850000 985.329650879 641.327270508 -297.674438477 -0.297792256 -0.350225657 0.255804628 -0.850426853
65.900000 990.328552246 646.841064453 -296.979492188 0.273995638 0.221961528 0.096731424 -0.930753708
65.950000 994.129150391 652.152404785 -300.615203857 0.657796144 0.641861737 -0.128708825 -0.372494012
66.000000 1000.509399414 653.780151367 -304.153167725 0.590285242 0.621383011 -0.265842497 0.441332489
66.050000 1007.381652832 656.618530273 -303.387329102 0.117781788 0.174575701 -0.220582604 0.952362359
66.100000 1011.539733887 662.808837891 -303.897155762 -0.435531348 -0.392007291 -0.023981823 0.809980094
66.150000 1015.948242188 666.871337891 -308.361358643 -0.690028071 -0.689635515 0.189072773 0.111873403
66.200000 1023.002319336 668.164123535 -310.468017578 -0.471099138 -0.514107406 0.272405267 -0.662989199
66.250000 1029.082031250 672.342590332 -309.265319824 0.071049154 0.014147856 0.168841481 -0.982977390
66.300000 1032.782958984 678.500976562 -311.325927734 0.564450860 0.532696247 -0.050563782 -0.628548563
66.350000 1038.109008789 681.232055664 -315.802551270 0.670585036 0.685763836 -0.235277414 0.157124892
66.400000 1045.369140625 682.921142578 -316.354980469 0.316633493 0.368331522 -0.258568168 0.834995627
66.450000 1050.474731445 688.322448730 -315.565063477 -0.254559129 -0.201811656 -0.104456306 0.939979076
66.500000 1054.235961914 693.750000000 -319.066650391 -0.651099682 -0.633492649 0.121322639 0.400046438
66.550000 1060.519287109 695.458129883 -322.736389160 -0.600923181 -0.630536795 0.263862640 -0.414356560
66.600000 1067.457031250 698.157653809 -322.068725586 -0.138455525 -0.194972023 0.225367412 -0.944471061
66.650000 1071.693481445 704.305297852 -322.419647217 0.419005901 0.374362230 0.032248493 -0.826587617
66.700000 1076.014892578 708.518066406 -326.829193115 0.688988984 0.686847985 -0.182995960 -0.141585633
66.750000 1083.014160156 709.812255859 -329.109497070 0.486259490 0.528090119 -0.272687614 0.640557647
66.800000 1089.195800781 713.839843750 -327.914031982 -0.050090756 0.007011713 -0.175289348 0.983216882
66.850000 1092.923217773 720.037841797 -329.798645020 -0.552073956 -0.518877387 0.042374242 0.651295006
66.900000 1098.139526367 722.908691406 -334.316162109 -0.675281405 -0.688766837 0.230965063 -0.127477780
66.950000 1105.402343750 724.519409180 -335.033325195 -0.335180998 -0.386096150 0.261091709 -0.818788528
67.000000 1110.616333008 729.801818848 -334.157348633 0.234885663 0.181473464 0.112084404 -0.948331773
67.050000 1114.344238281 735.339721680 -337.517333984 0.643798232 0.624534905 -0.113823533 -0.427228600
67.100000 1120.527465820 737.136047363 -341.311492920 0.611003458 0.639105499 -0.261637628 0.386994392
67.150000 1127.524780273 739.700561523 -340.750854492 0.159001753 0.215188518 -0.229943216 0.935702145
67.200000 1131.843994141 745.796386719 -340.947845459 -0.402090460 -0.356368423 -0.040485684 0.842428505
67.250000 1136.081787109 750.157714844 -345.291992188 -0.687310040 -0.683422446 0.176748887 0.171168104
67.300000 1143.019775391 751.462219238 -347.744018555 -0.500969052 -0.541583180 0.272716761 -0.617530048
67.350000 1149.300292969 755.337585449 -346.566284180 0.029084742 -0.028165903 0.181574732 -0.982543290
67.400000 1153.060424805 761.566162109 -348.274169922 0.539183557 0.504575789 -0.034144916 -0.673437774
67.450000 1158.167968750 764.579711914 -352.821807861 0.679350913 0.691130161 -0.226437867 0.097710557
67.500000 1165.427124023 766.120239258 -353.706878662 0.353418499 0.403503060 -0.263372779 0.801820159
67.550000 1170.750122070 771.278503418 -352.754394531 -0.214992881 -0.160965860 -0.119608715 0.955804348
67.600000 1174.450927734 776.920288086 -355.967224121 -0.635898530 -0.614996731 0.106218368 0.454015106
67.650000 1180.531738281 778.811401367 -359.877990723 -0.620516896 -0.647080898 0.259169430 -0.359272003
67.700000 1187.583251953 781.245483398 -359.432189941 -0.179401129 -0.235205442 0.234305367 -0.926064074
67.750000 1191.989257812 787.281555176 -359.480773926 0.384801000 0.338043511 0.048685353 -0.857487381
67.800000 1196.148559570 791.788818359 -363.750671387 0.684992790 0.679362178 -0.170337498 -0.200592041
67.850000 1203.020874023 793.112670898 -366.370880127 0.515213788 0.554573178 -0.272492439 0.593928635
67.900000 1209.397216797 796.836425781 -365.221343994 -0.008051256 0.049293801 -0.187691420 0.980957329
67.950000 1213.196289062 803.086669922 -366.753112793 -0.525792360 -0.489805877 0.025883937 0.694955111
68.000000 1218.196533203 806.245605469 -371.320800781 -0.682789445 -0.692851663 0.221700445 -0.067853019
68.050000 1225.445434570 807.723999023 -372.376281738 -0.371327400 -0.420534670 0.265409172 -0.784107447
68.100000 1230.877563477 812.753662109 -371.357116699 0.194900900 0.140309483 0.127021700 -0.962388873
68.150000 1234.558471680 818.492065430 -374.417907715 0.627408445 0.604887903 -0.098514885 -0.480379134
68.200000 1240.535400391 820.484985352 -378.436614990 0.629453599 0.654455125 -0.256460816 0.331216842
68.250000 1247.635131836 822.794677734 -378.113098145 0.199633121 0.255003244 -0.238449961 0.915566266
68.300000 1252.131469727 828.762695312 -378.020202637 -0.367154866 -0.319405317 -0.056839552 0.871749341
68.350000 1256.217651367 833.412841797 -382.206329346 -0.682039380 -0.674671173 0.163768277 0.229828611
68.400000 1263.019287109 834.765502930 -384.990722656 -0.528979361 -0.567047775 0.272015363 -0.569776595
68.450000 1269.487915039 838.338439941 -383.880126953 -0.012988743 -0.070375241 0.193633795 -0.978460312
68.500000 1273.332397461 844.601013184 -385.236999512 0.511913419 0.474581450 -0.017599132 -0.715826452
68.550000 1278.227783203 847.907714844 -389.813537598 0.685593843 0.693929791 -0.216757357 0.037933081
68.600000 1285.459838867 849.333129883 -391.042022705 0.388891101 0.437175721 -0.267199337 0.765666842
68.650000 1291.001586914 854.229370117 -389.966522217 -0.174628213 -0.119522840 -0.134316981 0.968079686
68.700000 1294.669067383 860.057128906 -392.869628906 -0.618335783 -0.594217241 0.090719700 0.506296992
68.750000 1300.539672852 862.159179688 -396.987945557 -0.637805700 -0.661221683 0.253513962 -0.302854002
68.800000 1307.682006836 864.349304199 -396.795166016 -0.219679624 -0.274564564 0.242373332 -0.904218137
68.850000 1312.273315430 870.241088867 -396.566986084 0.349167824 0.300470203 0.064941309 -0.885201752
68.900000 1316.291137695 875.031982422 -400.659576416 0.678452551 0.669353545 -0.157046691 -0.258851916
68.950000 1323.016723633 876.422607422 -403.605163574 0.542253613 0.578996062 -0.271285534 0.545095265
69.000000 1329.574584961 879.844421387 -402.544036865 0.034016527 0.091391549 -0.199396431 0.975054622
69.050000 1333.470703125 886.110229492 -403.726257324 -0.497559160 -0.458916336 0.009297767 0.736032844
69.100000 1338.262695312 889.567016602 -408.301055908 -0.687761366 -0.694363534 0.211612836 -0.007978230
69.150000 1345.471069336 890.948181152 -409.704620361 -0.406093210 -0.453410685 0.268741161 -0.746515393
69.200000 1351.122558594 895.706298828 -408.583038330 0.154193819 0.098625392 0.141487256 -0.972871363
69.250000 1354.783569336 901.615905762 -411.323486328 0.608689129 0.582994938 -0.082840465 -0.531744242
69.300000 1360.545898438 903.833618164 -415.532226562 0.645565331 0.667374074 -0.250331700 0.274210453
69.350000 1367.723388672 905.909545898 -415.477416992 0.239521772 0.293870568 -0.246071383 0.892030478
69.400000 1372.412475586 911.716247559 -415.120544434 -0.330856681 -0.281256288 -0.072982498 0.897832036
69.450000 1376.366943359 916.643859863 -419.110015869 -0.674235761 -0.663414359 0.150179386 0.287634850
69.500000 1383.010864258 918.081237793 -422.212341309 -0.555024564 -0.590406597 0.270303786 -0.519907355
69.550000 1389.653686523 921.352539062 -421.210906982 -0.055013452 -0.112323433 0.204973936 -0.970743358
69.600000 1393.607055664 927.612182617 -422.219543457 0.482742190 0.442824334 -0.000987627 -0.755556583
69.650000 1398.297119141 931.220214844 -426.781646729 0.689290464 0.694152236 -0.206271589 -0.021985713
69.700000 1405.474975586 932.565246582 -428.361663818 0.422919661 0.469225407 -0.270033538 0.726669371
69.750000 1411.235473633 937.181213379 -427.203826904 -0.133614436 -0.077634878 -0.148526698 0.976759911
69.800000 1414.895751953 943.165161133 -429.777313232 -0.598476291 -0.571230173 0.074883655 0.556699872
69.850000 1420.548583984 945.503784180 -434.067687988 -0.652726352 -0.672907054 0.246916667 -0.245309412
69.900000 1427.756225586 947.472106934 -434.156799316 -0.259143859 -0.312905520 0.249541283 -0.879013002
69.950000 1432.546020508 953.186889648 -433.678863525 0.312235981 0.261778980 0.080956817 -0.909629941
70.000000 1436.442626953 958.246948242 -437.557312012 0.669392169 0.656858146 -0.143171743 -0.316154063
70.050000 1443.001342773 959.739746094 -440.810760498 0.567281604 0.601270080 -0.269070834 0.494233578
70.100000 1449.724975586 962.863220215 -439.879119873 0.075961791 0.133153453 -0.210361689 0.965529978
70.150000 1453.741088867 969.107788086 -440.717102051 -0.467475027 -0.426319242 -0.007324370 0.774380684
70.200000 1458.333007812 972.867614746 -445.256347656 -0.690179348 -0.693296254 0.200738177 0.051932447
70.250000 1465.474731445 974.185913086 -447.013000488 -0.439354867 -0.484605968 0.271075249 -0.706146359
70.300000 1471.342895508 978.657104492 -445.829650879 0.112908907 0.056570183 0.155428842 -0.979741454
70.350000 1475.009643555 984.707275391 -448.233337402 0.587706387 0.558933854 -0.066856548 -0.581140578
70.400000 1480.552246094 987.172241211 -452.595703125 0.659281313 0.677815676 -0.243271977 0.216178074
70.450000 1487.782714844 989.039306641 -452.835083008 0.278526455 0.331651330 -0.252779663 0.865177929
70.500000 1492.676025391 994.654846191 -452.244079590 -0.293324023 -0.242057309 -0.088856466 0.920583427
70.550000 1496.520751953 999.842773438 -456.003051758 -0.663926363 -0.649691582 0.136030734 0.344381154
70.600000 1502.989990234 1001.399536133 -459.402282715 -0.579012096 -0.611575663 0.267587960 -0.468099296
70.650000 1509.789550781 1004.377258301 -458.550018311 -0.096840605 -0.153860778 0.215554431 -0.959419131
70.700000 1513.874267578 1010.597656250 -459.220764160 0.451772779 0.409417182 0.015630104 -0.792486429
70.750000 1518.371459961 1014.509582520 -463.726348877 0.690427184 0.691796005 -0.195017949 -0.081832804
70.800000 1525.470825195 1015.810668945 -465.659271240 0.455383122 0.499537230 -0.271865159 0.684965849
70.850000 1531.445434570 1020.134887695 -464.461669922 -0.092096992 -0.035451446 -0.162187070 0.981812954
70.900000 1535.125976562 1026.242431641 -466.693237305 -0.576389849 -0.546117067 0.058766715 0.605043352
70.950000 1540.559082031 1028.838989258 -471.116943359 -0.665224671 -0.682094574 0.239400938 -0.186843395
71.000000 1547.806396484 1030.613159180 -471.511657715 -0.297652304 -0.350090563 0.255783439 -0.850537837
71.050000 1552.804931641 1036.123168945 -470.816894531 0.274137706 0.222108707 0.096674263 -0.930682719
71.100000 1556.604492188 1041.433471680 -474.449218750 0.657843232 0.641920328 -0.128762588 -0.372291207
71.150000 1562.981323242 1043.062377930 -477.986694336 0.590206146 0.621313930 -0.265856117 0.441527277
71.200000 1569.851562500 1045.898681641 -477.223175049 0.117631778 0.174427390 -0.220547214 0.952416360
71.250000 1574.009887695 1052.085571289 -477.731353760 -0.435649097 -0.392132849 -0.023922062 0.809857726
71.300000 1578.416381836 1056.148437500 -482.192443848 -0.690033495 -0.689652801 0.189115852 0.111660115
71.350000 1585.466796875 1057.441772461 -484.300537109 -0.470989645 -0.514005721 0.272402465 -0.663146913
71.400000 1591.545776367 1061.616577148 -483.099395752 0.071197733 0.014297920 0.168795168 -0.982972383
71.450000 1595.246582031 1067.772705078 -485.156585693 0.564536691 0.532791853 -0.050621588 -0.628385782
71.500000 1600.569458008 1070.505493164 -489.631591797 0.670550048 0.685740173 -0.235307157 0.157332882
71.550000 1607.826660156 1072.193603516 -490.186767578 0.316502720 0.368205905 -0.258549750 0.835106254
71.600000 1612.932373047 1077.590820312 -489.396606445 -0.254695386 -0.201952428 -0.104402810 0.939917862
71.650000 1616.692382812 1083.017578125 -492.894226074 -0.651148438 -0.633552313 0.121374324 0.399856865
71.700000 1622.972045898 1084.727050781 -496.563903809 -0.600852072 -0.630475342 0.263877183 -0.414543778
71.750000 1629.907714844 1087.424438477 -495.898529053 -0.138314322 -0.194832608 0.225335285 -0.944528162
71.800000 1634.144287109 1093.568481445 -496.247680664 0.419120163 0.374483764 0.032192055 -0.826476812
71.850000 1638.463623047 1097.781982422 -500.653991699 0.688998520 0.686868846 -0.183037966 -0.141384050
71.900000 1645.459350586 1099.076660156 -502.935729980 0.486158580 0.527996778 -0.272686571 0.640711606
71.950000 1651.640136719 1103.100830078 -501.741668701 -0.050232172 0.006868901 -0.175246328 0.983218312
72.000000 1655.367431641 1109.296508789 -503.623443604 -0.552158952 -0.518971622 0.042429473 0.651144147
72.050000 1660.581054688 1112.168457031 -508.138977051 -0.675252378 -0.688748479 0.230994701 -0.127676681
72.100000 1667.841064453 1113.778564453 -508.858276367 -0.335058540 -0.385978460 0.261075586 -0.818899214
72.150000 1673.054931641 1119.057495117 -507.982482910 0.235017180 0.181609377 0.112033859 -0.948279202
72.200000 1676.781982422 1124.594726562 -511.339294434 0.643848777 0.624595940 -0.113873735 -0.427049667
72.250000 1682.962158203 1126.392089844 -515.133117676 0.610939085 0.639050484 -0.261653215 0.387176394
72.300000 1689.957763672 1128.954956055 -514.574401855 0.158867225 0.215055764 -0.229913697 0.935762763
72.350000 1694.277099609 1135.047729492 -514.770141602 -0.402202606 -0.356487632 -0.040431593 0.842327178
72.400000 1698.513305664 1139.409301758 -519.111572266 -0.687323332 -0.683446646 0.176790416 0.170975193
72.450000 1705.448486328 1140.714477539 -521.564392090 -0.500875056 -0.541496456 0.272717416 -0.617681921
72.500000 1711.728271484 1144.587280273 -520.388366699 0.029220972 -0.028028378 0.181534424 -0.982550740
72.550000 1715.488525391 1150.813598633 -522.093627930 0.539268672 0.504669845 -0.034198422 -0.673296511
72.600000 1720.593383789 1153.828613281 -526.639526367 0.679326892 0.691116691 -0.226467893 0.097902901
72.650000 1727.849853516 1155.368286133 -527.527038574 0.353302509 0.403392017 -0.263358951 0.801931620
72.700000 1733.172973633 1160.523193359 -526.574340820 -0.215120822 -0.161097810 -0.119560815 0.955759287
72.750000 1736.873046875 1166.164428711 -529.783935547 -0.635950863 -0.615059316 0.106267355 0.453845620
72.800000 1742.950805664 1168.057373047 -533.694763184 -0.620458424 -0.647031963 0.259186059 -0.359448969
72.850000 1750.000976562 1170.489257812 -533.251586914 -0.179272905 -0.235079601 0.234278664 -0.926127613
72.900000 1754.407470703 1176.522094727 -533.298217773 0.384910822 0.338159591 0.048633974 -0.857395232
72.950000 1758.564697266 1181.030395508 -537.564941406 0.685009360 0.679389298 -0.170378193 -0.200408652
73.000000 1765.433837891 1182.354980469 -540.187072754 0.515126765 0.554493845 -0.272494793 0.594077229
73.050000 1771.809814453 1186.075317383 -539.039245605 -0.008181587 0.049163133 -0.187654197 0.980969906
73.100000 1775.609008789 1192.323486328 -540.567687988 -0.525876522 -0.489898145 0.025934909 0.694824517
73.150000 1780.606201172 1195.484375000 -545.133605957 -0.682770371 -0.692842960 0.221730262 -0.068036214
73.200000 1787.852172852 1196.961914062 -546.192077637 -0.371219158 -0.420431972 0.265397668 -0.784217656
73.250000 1793.285034180 1201.987426758 -545.172607422 0.195023507 0.140435174 0.126977175 -0.962351620
73.300000 1796.964965820 1207.725585938 -548.229431152 0.627461612 0.604950488 -0.098561697 -0.480221301
73.350000 1802.938598633 1209.720336914 -552.248657227 0.629401803 0.654412568 -0.256477922 0.331386209
73.400000 1810.037109375 1212.027465820 -551.928100586 0.199512899 0.254885793 -0.238426030 0.915631473
73.450000 1814.534057617 1217.992309570 -551.833312988 -0.367260665 -0.319516599 -0.056791402 0.871667087
73.500000 1818.618041992 1222.643554688 -556.016174316 -0.682058752 -0.674700439 0.163807482 0.229656875
73.550000 1825.416259766 1223.996948242 -558.802856445 -0.528900146 -0.566976130 0.272018969 -0.569919646
73.600000 1831.885009766 1227.565917969 -557.693908691 -0.012866111 -0.070252657 0.193599746 -0.978477478
73.650000 1835.729858398 1233.826660156 -559.046752930 0.511995375 0.474670857 -0.017647177 -0.715707362
73.700000 1840.621582031 1237.135498047 -563.621643066 0.685579598 0.693925261 -0.216786459 0.038105734
73.750000 1847.850830078 1238.560058594 -564.853759766 0.388791382 0.437081397 -0.267189741 0.765774667
73.800000 1853.393554688 1243.451538086 -563.778015137 -0.174744427 -0.119641684 -0.134275615 0.968049824
73.850000 1857.060058594 1249.279296875 -566.676330566 -0.618389010 -0.594279349 0.090764299 0.506151259
73.900000 1862.926269531 1251.383544922 -570.795227051 -0.637760162 -0.661185145 0.253531337 -0.303014934
73.950000 1870.066772461 1253.570556641 -570.605712891 -0.219567537 -0.274455398 0.242351964 -0.904284179
74.000000 1874.658935547 1259.458496094 -570.374816895 0.349269211 0.300576746 0.064896211 -0.885128856
74.050000 1878.674194336 1264.250854492 -574.463500977 0.678474188 0.669384897 -0.157084525 -0.258691311
74.100000 1885.395385742 1265.642211914 -577.411804199 0.542181551 0.578931570 -0.271290392 0.545233011
74.150000 1891.953125000 1269.059326172 -576.352539062 0.033901040 0.091276348 -0.199365377 0.975075841
74.200000 1895.849365234 1275.323120117 -577.530151367 -0.497638762 -0.459003150 0.009343162 0.735924304
74.250000 1900.636840820 1278.782470703 -582.103027344 -0.687751174 -0.694362998 0.211641341 -0.008141007
74.300000 1907.842163086 1280.161865234 -583.510620117 -0.406001240 -0.453324139 0.268733561 -0.746620774
74.350000 1913.494506836 1284.914916992 -582.388122559 0.154304028 0.098738059 0.141449124 -0.972847998
74.400000 1917.154052734 1290.824829102 -585.123840332 0.608742058 0.583056569 -0.082882799 -0.531609416
74.450000 1922.912109375 1293.044311523 -589.333374023 0.645525515 0.667343080 -0.250349224 0.274363518
74.500000 1930.088378906 1295.117187500 -589.281433105 0.239417374 0.293769032 -0.246052384 0.892097116
74.550000 1934.778076172 1300.920288086 -588.921997070 -0.330953747 -0.281358361 -0.072940327 0.897767663
74.600000 1938.729736328 1305.849121094 -592.908020020 -0.674259305 -0.663447320 0.150215715 0.287484616
74.650000 1945.369873047 1307.286987305 -596.012512207 -0.554959118 -0.590348601 0.270309538 -0.520040095
74.700000 1952.012207031 1310.554321289 -595.012695312 -0.054904569 -0.112214953 0.204945505 -0.970768154
74.750000 1955.965576172 1316.812133789 -596.017333984 0.482819676 0.442908853 -0.001030530 -0.755457461
74.800000 1960.652343750 1320.422241211 -600.578002930 0.689283967 0.694155335 -0.206299543 -0.021831637
74.850000 1967.827392578 1321.766113281 -602.161132812 0.422834307 0.469145656 -0.270027578 0.726772726
74.900000 1973.588134766 1326.377685547 -601.002990723 -0.133719549 -0.077742264 -0.148491234 0.976742327
74.950000 1977.247558594 1332.361083984 -603.572326660 -0.598529160 -0.571291685 0.074924134 0.556574464
75.000000 1982.895996094 1334.701782227 -607.862976074 -0.652691245 -0.672881067 0.246934444 -0.245456129
75.050000 1990.101562500 1336.667114258 -607.955444336 -0.259045422 -0.312810481 0.249524355 -0.879080653
75.100000 1994.891845703 1342.377807617 -607.475036621 0.312330008 0.261877626 0.080916956 -0.909572721
75.150000 1998.785644531 1347.438720703 -611.349487305 0.669417560 0.656892955 -0.143207103 -0.316012025
75.200000 2005.339965820 1348.932006836 -614.605102539 0.567221403 0.601217568 -0.269077539 0.494362772
75.250000 2012.062622070 1352.051025391 -613.674987793 0.075857863 0.133050233 -0.210335419 0.965557992
75.300000 2016.078735352 1358.293212891 -614.509277344 -0.467551410 -0.426402152 -0.007283332 0.774289310
75.350000 2020.667358398 1362.054687500 -619.046325684 -0.690176308 -0.693302333 0.200765789 0.051785044
75.400000 2027.805541992 1363.372314453 -620.805725098 -0.439275175 -0.484531760 0.271070659 -0.706248581
75.450000 2033.674072266 1367.838989258 -619.622680664 0.113010123 0.056673236 0.155395493 -0.979729176
75.500000 2037.339843750 1373.888061523 -622.022094727 0.587759793 0.558995068 -0.066895612 -0.581023216
75.550000 2042.878417969 1376.355224609 -626.383972168 0.659250915 0.677793682 -0.243290007 0.216319352
75.600000 2050.106933594 1378.219482422 -626.626708984 0.278433800 0.331561983 -0.252764553 0.865246475
75.650000 2055.000244141 1383.830566406 -626.033691406 -0.293415129 -0.242152497 -0.088818848 0.920533001
75.700000 2058.842041016 1389.019042969 -629.788574219 -0.663953602 -0.649727464 0.136064947 0.344247222
75.750000 2065.306152344 1390.576293945 -633.189270020 -0.578957438 -0.611528277 0.267595381 -0.468224496
75.800000 2072.104492188 1393.549926758 -632.338867188 -0.096742004 -0.153763145 0.215530232 -0.959450185
75.850000 2076.188964844 1399.767333984 -633.005737305 0.451847553 0.409497976 0.015591062 -0.792402804
75.900000 2080.682617188 1403.680908203 -637.508789062 0.690427244 0.691804945 -0.195045069 -0.081692614
75.950000 2087.778076172 1404.981323242 -639.444641113 0.455308914 0.499468684 -0.271861881 0.685066402
76.000000 2093.752441406 1409.300537109 -638.247314453 -0.092194125 -0.035550069 -0.162155911 0.981805444
76.050000 2097.431884766 1415.406738281 -640.474060059 -0.576443315 -0.546178102 0.058804277 0.604933619
76.100000 2102.859863281 1418.005615234 -644.897399902 -0.665198147 -0.682076633 0.239419237 -0.186979517
76.150000 2110.104492188 1419.776611328 -645.295654297 -0.297564536 -0.350006491 0.255770117 -0.850607157
76.200000 2115.103515625 1425.281616211 -644.598632812 0.274226367 0.222201005 0.096638665 -0.930638313
76.250000 2118.900878906 1430.592529297 -648.226440430 0.657872200 0.641957700 -0.128795996 -0.372164100
76.300000 2125.272949219 1432.222900391 -651.765869141 0.590155900 0.621271074 -0.265864491 0.441649675
76.350000 2132.142333984 1435.054809570 -651.004882812 0.117537148 0.174334005 -0.220525011 0.952450216
76.400000 2136.301025391 1441.238403320 -651.509277344 -0.435723156 -0.392212570 -0.023884658 0.809780419
76.450000 2140.703369141 1445.303710938 -655.967346191 -0.690036297 -0.689664423 0.189142808 0.111525029
76.500000 2147.749755859 1446.596069336 -658.078674316 -0.470919728 -0.513941705 0.272400588 -0.663246989
76.550000 2153.828369141 1450.765747070 -656.877746582 0.071292125 0.014393441 0.168765917 -0.982969165
76.600000 2157.528076172 1456.920532227 -658.930419922 0.564590871 0.532853305 -0.050658055 -0.628281951
76.650000 2162.846923828 1459.654541016 -663.404541016 0.670527160 0.685725629 -0.235325843 0.157465771
76.700000 2170.101806641 1461.340454102 -663.962402344 0.316418707 0.368125647 -0.258537948 0.835177183
76.750000 2175.207519531 1466.734008789 -663.171142578 -0.254782736 -0.202043116 -0.104368694 0.939878464
76.800000 2178.966064453 1472.161010742 -666.665405273 -0.651179314 -0.633591294 0.121407285 0.399734855
76.850000 2185.241943359 1473.871948242 -670.335998535 -0.600805640 -0.630436301 0.263886422 -0.414664388
76.900000 2192.176757812 1476.565917969 -669.673217773 -0.138222978 -0.194742903 0.225314692 -0.944564939
76.950000 2196.413818359 1482.707275391 -670.019531250 0.419193655 0.374562442 0.032155938 -0.826405346
77.000000 2200.730468750 1486.922119141 -674.423095703 0.689004123 0.686882854 -0.183064848 -0.141254112
77.050000 2207.722900391 1488.217163086 -676.707397461 0.486093134 0.527937174 -0.272685945 0.640810668
77.100000 2213.903808594 1492.237670898 -675.514587402 -0.050323267 0.006777084 -0.175218925 0.983219206
77.150000 2217.631103516 1498.432006836 -677.392456055 -0.552213192 -0.519032717 0.042464685 0.651047230
77.200000 2222.841308594 1501.306274414 -681.906921387 -0.675233126 -0.688737392 0.231013477 -0.127804220
77.250000 2230.098876953 1502.915161133 -682.629455566 -0.334979862 -0.385903656 0.261065304 -0.818969965
77.300000 2235.313720703 1508.190185547 -681.752929688 0.235100970 0.181696162 0.112001874 -0.948245585
77.350000 2239.039794922 1513.727783203 -685.105468750 0.643880486 0.624635458 -0.113905363 -0.426935792
77.400000 2245.216308594 1515.527832031 -688.900878906 0.610897541 0.639016271 -0.261662841 0.387291998
77.450000 2252.211425781 1518.087036133 -688.345886230 0.158781618 0.214971960 -0.229895085 0.935801148
77.500000 2256.532226562 1524.176269531 -688.537963867 -0.402273327 -0.356563270 -0.040397741 0.842262924
77.550000 2260.765380859 1528.540283203 -692.875671387 -0.687331021 -0.683462739 0.176816225 0.170853421
77.600000 2267.696044922 1529.846191406 -695.332702637 -0.500815153 -0.541442692 0.272717685 -0.617777586
77.650000 2273.976562500 1533.713134766 -694.158386230 0.029306822 -0.027942253 0.181509241 -0.982555270
77.700000 2262.150390625 1526.396484375 -693.534118652 -0.664267063 -0.492443323 0.079573169 0.556701899
77.750000 2251.982421875 1518.641113281 -688.033874512 0.685782790 0.558062136 -0.267170489 0.383260459
77.800000 2239.241455078 1515.246215820 -683.570434570 -0.073984511 -0.108315766 0.208038375 -0.969285369
77.850000 2227.006347656 1508.622192383 -683.110107422 -0.606137753 -0.441459209 0.043215267 0.660184264
77.900000 2216.918945312 1500.353759766 -678.245727539 0.726497531 0.583550751 -0.254560024 0.258590788
77.950000 2204.518310547 1496.697998047 -673.082580566 -0.175943643 -0.186738640 0.230820969 -0.938559651
78.000000 2191.915771484 1490.806396484 -672.575012207 -0.537092447 -0.382524818 0.006079037 0.751777589
78.050000 2181.795654297 1482.182617188 -668.449951172 0.754128814 0.598530293 -0.237365097 0.129263878
78.100000 2169.789550781 1478.092529297 -662.712524414 -0.274734408 -0.261798799 0.249446750 -0.890931427
78.150000 2156.887451172 1472.920654297 -661.948486328 -0.458374560 -0.316701353 -0.031166727 0.829832375
78.200000 2146.625000000 1464.125732422 -658.613586426 0.768179059 0.602730811 -0.215895474 -0.002391079
78.250000 2135.038574219 1459.459716797 -652.467895508 -0.368577510 -0.332144141 0.263580233 -0.827258348
78.300000 2121.926269531 1454.943969727 -651.257080078 -0.371401876 -0.245174438 -0.067851163 0.892942548
78.350000 2111.421386719 1446.172851562 -648.706298828 0.768395185 0.596076727 -0.190537810 -0.134002760
78.400000 2100.249023438 1440.830810547 -642.347778320 -0.455782771 -0.396507800 0.272966951 -0.748687267
78.450000 2087.030761719 1436.859863281 -640.531982422 -0.277740777 -0.169232279 -0.103313692 0.939971745
78.500000 2076.200683594 1428.307128906 -638.702636719 0.754773319 0.578687966 -0.161748782 -0.263201088
78.550000 2065.407714844 1422.237182617 -632.342468262 -0.534779847 -0.453730792 0.277437806 -0.656633258
78.600000 2052.195312500 1418.660156250 -629.806640625 -0.179077819 -0.090242520 -0.136915624 0.970072985
78.650000 2040.980590820 1410.503173828 -628.584838867 0.727558792 0.550877690 -0.130046874 -0.387659371
78.700000 2030.504638672 1403.705200195 -622.433288574 -0.604146063 -0.502782464 0.276912272 -0.552754045
78.750000 2017.409179688 1400.344482422 -619.113952637 -0.077189930 -0.009627718 -0.168051794 0.982704222
78.800000 2005.778320312 1392.733520508 -618.342468262 0.687241673 0.513146818 -0.096002936 -0.505136251
78.850000 1995.535156250 1385.260498047 -612.595642090 -0.662632108 -0.542779684 0.271399885 -0.438920408
78.900000 1982.660400391 1381.921630859 -608.485961914 0.026087834 0.071160465 -0.196161479 0.977638185
78.950000 1970.611694336 1374.967529297 -607.974609375 0.634548306 0.466174811 -0.060230266 -0.613516092
79.000000 1960.499877930 1366.920410156 -602.799194336 -0.709184885 -0.573001981 0.260999948 -0.317182392
79.050000 1947.933105469 1363.407958984 -597.948974609 0.128895879 0.150667205 -0.220738575 0.954965889
79.100000 1935.494873047 1357.174438477 -597.488891602 0.570427239 0.410807341 -0.023372799 -0.710847318
79.150000 1925.403076172 1348.695434570 -593.011169434 -0.742966115 -0.592905223 0.245899618 -0.189732015
79.200000 1913.209106445 1344.825683594 -587.523010254 0.229382828 0.227460727 -0.241340414 0.915095627
79.250000 1900.436767578 1339.324218750 -586.901855469 0.496033341 0.348041624 0.013905644 -0.795377076
79.300000 1890.252929688 1330.586181641 -583.197509766 -0.763367355 -0.602130830 0.226370886 -0.058864757
79.350000 1878.470458984 1326.201904297 -577.219787598 0.325738758 0.300157875 -0.257596016 0.858745515
79.400000 1865.444335938 1321.392089844 -576.237182617 0.412706584 0.279008001 0.050933618 -0.865582883
79.450000 1855.062866211 1312.586914062 -573.326354980 -0.770021260 -0.600512624 0.202765509 0.073062532
79.500000 1843.700317383 1307.567871094 -567.042907715 0.416228503 0.367449522 -0.269212663 0.786930323
79.550000 1830.518432617 1303.359252930 -565.524169922 0.321947336 0.204949692 0.087044440 -0.920200467
79.600000 1819.847656250 1294.683105469 -563.370239258 -0.762807846 -0.588079810 0.175508514 0.203674212
79.650000 1808.884033203 1288.953979492 -556.986083984 0.499222517 0.428123772 -0.275981039 0.700943291
79.700000 1795.655639648 1285.213500977 -554.794860840 0.225390136 0.127200544 0.121587656 -0.958246171
79.750000 1784.625000000 1276.853393555 -553.307128906 -0.741857052 -0.565056384 0.145090789 0.330617726
79.800000 1774.010986328 1270.390258789 -547.034606934 0.573225915 0.481087923 -0.277779311 0.602333188
79.850000 1760.848754883 1266.951416016 -544.083190918 0.124774091 0.047160856 0.153941199 -0.979034960
79.900000 1749.413330078 1259.071777344 -543.123413086 -0.707546353 -0.531857014 0.112060197 0.451606989
79.950000 1739.073364258 1251.902954102 -537.167114258 0.636906087 0.525388122 -0.274575055 0.492875844
80.000000 1726.085205078 1248.577026367 -533.421875000 0.021911060 -0.033728153 0.183522448 -0.982192397
80.050000 1714.229125977 1241.308105469 -532.813171387 -0.660493493 -0.489079475 0.077011429 0.564463377
80.100000 1704.068847656 1233.512939453 -527.355346680 0.689116299 0.560226738 -0.266425937 0.374542326
80.150000 1691.350097656 1230.103271484 -522.839782715 -0.081346594 -0.114009798 0.209798515 -0.967661679
80.200000 1679.087158203 1223.531005859 -522.380615234 -0.601545930 -0.437494159 0.040575892 0.667154431
80.250000 1668.999389648 1215.233642578 -517.567382812 0.728916347 0.584976375 -0.253478855 0.249463722
80.300000 1656.626464844 1211.549804688 -512.360046387 -0.183139250 -0.192238316 0.232296452 -0.935704410
80.350000 1644.000488281 1205.710327148 -511.838287354 -0.531765282 -0.378030032 0.003409569 0.757830739
80.400000 1633.872436523 1197.070434570 -507.769378662 0.755589485 0.599191129 -0.235966891 0.119892724
80.450000 1621.895996094 1192.941528320 -501.998657227 -0.281633675 -0.267004699 0.250610948 -0.886896431
80.500000 1608.976562500 1187.818847656 -501.206268311 -0.452408284 -0.311758190 -0.033818059 0.834859252
80.550000 1598.698608398 1179.020874023 -497.928405762 0.768655300 0.602615118 -0.214205444 -0.011837106
80.600000 1587.141601562 1174.307983398 -491.762664795 -0.375056118 -0.336962461 0.264412135 -0.822116554
80.650000 1574.018676758 1169.833984375 -490.511413574 -0.364904046 -0.239872038 -0.070436597 0.896852911
80.700000 1563.491699219 1161.074096680 -488.014099121 0.767878592 0.595186830 -0.188586488 -0.143353730
80.750000 1552.347167969 1155.680175781 -481.650482178 -0.461724162 -0.400851905 0.273451686 -0.742531359
80.800000 1539.126098633 1151.741088867 -479.784790039 -0.270828396 -0.163666233 -0.105786704 0.942695379
80.850000 1528.268920898 1143.212402344 -478.002380371 0.753273308 0.577040076 -0.159571379 -0.272288650
80.900000 1517.499755859 1137.088989258 -471.651977539 -0.540077031 -0.457522541 0.277566671 -0.649574280
80.950000 1504.292480469 1133.531982422 -469.060394287 -0.171875641 -0.084513031 -0.139231578 0.971561134
81.000000 1493.047607422 1125.411010742 -467.874938965 0.725102663 0.548501551 -0.127682656 -0.396319777
81.050000 1482.590332031 1118.562377930 -461.747802734 -0.608703792 -0.505953729 0.276683122 -0.544919372
81.100000 1469.508056641 1115.207519531 -458.371185303 -0.069827765 -0.003837932 -0.170169130 0.982930303
81.150000 1457.846191406 1107.641601562 -457.622680664 0.683873951 0.510085344 -0.093494557 -0.513213634
81.200000 1447.614501953 1100.124145508 -451.913269043 -0.666368425 -0.545273364 0.270816833 -0.430451363
81.250000 1434.759643555 1096.776977539 -447.748504639 0.033477377 0.076906145 -0.198042125 0.976598263
81.300000 1422.681030273 1089.873413086 -447.245361328 0.630329728 0.462483257 -0.057622802 -0.620864928
81.350000 1412.572387695 1081.790893555 -442.117584229 -0.712032676 -0.574773312 0.260073543 -0.308231801
81.400000 1400.030395508 1078.256225586 -437.218048096 0.136179507 0.156265110 -0.222348586 0.952679098
81.450000 1387.565185547 1072.075195312 -436.751037598 0.565434277 0.406552553 -0.020713398 -0.717335403
81.500000 1377.468750000 1063.572387695 -432.327545166 -0.744874358 -0.593922496 0.244646773 -0.180461362
81.550000 1365.302978516 1059.668823242 -426.799530029 0.236429378 0.232810095 -0.242650926 0.911603630
81.600000 1352.508911133 1054.218383789 -426.156982422 0.490356058 0.343300432 0.016569059 -0.800887764
81.650000 1342.312622070 1045.469848633 -422.509704590 -0.764301896 -0.602375925 0.224814177 -0.049441040
81.700000 1330.559448242 1041.042114258 -416.504272461 0.332421511 0.305162460 -0.258583456 0.854111493
81.750000 1317.518188477 1036.278198242 -415.487060547 0.406447262 0.273865938 0.053553157 -0.870017290
81.800000 1307.117187500 1027.476318359 -412.632263184 -0.769965529 -0.599981487 0.200933009 0.082469665
81.850000 1295.783447266 1022.406860352 -406.334960938 0.422427267 0.372019321 -0.269859344 0.781238019
81.900000 1282.593750000 1018.235778809 -404.770568848 0.315219015 0.199499503 0.089572884 -0.923479140
81.950000 1271.897460938 1009.576660156 -402.667663574 -0.761763215 -0.586782277 0.173433363 0.212895155
82.000000 1260.959716797 1003.793945312 -396.284851074 0.504825592 0.432176590 -0.276275337 0.694295645
82.050000 1247.731567383 1000.079833984 -394.040283203 0.218314096 0.121540442 0.123979427 -0.960310400
82.100000 1236.671264648 991.749511719 -392.594848633 -0.739842653 -0.563015938 0.142810434 0.339486748
82.150000 1226.077880859 985.233276367 -386.339111328 0.578132868 0.484550983 -0.277716041 0.594850004
82.200000 1212.923950195 981.807495117 -383.330200195 0.117477581 0.041392617 0.156153262 -0.979847908
82.250000 1201.456787109 973.968139648 -382.400695801 -0.704598486 -0.529110551 0.109615758 0.459964633
82.300000 1191.131591797 966.750549316 -376.475463867 0.641028702 0.528199375 -0.274155587 0.484692007
82.350000 1178.159301758 963.423461914 -372.672576904 0.014525586 -0.039500620 0.185515091 -0.981739759
82.400000 1166.271728516 956.202575684 -372.080352783 -0.656665683 -0.485676587 0.074447036 0.572159171
82.450000 1156.118774414 948.366516113 -366.665466309 0.692380548 0.562335610 -0.265657961 0.365805537
82.500000 1143.422241211 944.941528320 -362.096557617 -0.088687845 -0.119682476 0.211536050 -0.965951979
82.550000 1131.130371094 938.421325684 -361.638519287 -0.596907377 -0.433496356 0.037937652 0.674049914
82.600000 1121.041870117 930.093383789 -356.876586914 0.731263757 0.586344957 -0.252376229 0.240331456
82.650000 1108.695190430 926.381469727 -351.623870850 -0.190304264 -0.197708964 0.233747452 -0.932768762
82.700000 1096.044799805 920.594726562 -351.088073730 -0.526399493 -0.373509526 0.000745104 0.763802111
82.750000 1085.908203125 911.937194824 -347.075531006 0.756977916 0.599795222 -0.234549567 0.110529155
82.800000 1073.961059570 907.769287109 -341.270294189 -0.288493842 -0.272175252 0.251749545 -0.882787764
82.850000 1061.023071289 902.695800781 -340.449829102 -0.446411818 -0.306796193 -0.036460977 0.839799523
82.900000 1050.728637695 893.894470215 -337.229248047 0.769060016 0.602444053 -0.212498978 -0.021263752
82.950000 1039.201660156 889.134033203 -331.042877197 -0.381487936 -0.341740042 0.265217990 -0.816908896
83.000000 1026.067749023 884.702697754 -329.750885010 -0.358384907 -0.234557912 -0.073010519 0.900673330
83.050000 1015.518249512 875.953613281 -327.308135986 0.767292440 0.594243646 -0.186621532 -0.152673811
83.100000 1004.401794434 870.507019043 -320.938873291 -0.467612177 -0.405150592 0.273910254 -0.736318588
83.150000 991.177734375 866.600463867 -319.023010254 -0.263903767 -0.158095464 -0.108245298 0.945327282
83.200000 980.293151855 858.096008301 -317.287841797 0.751706898 0.575341761 -0.157383248 -0.281334579
83.250000 969.548400879 851.918823242 -310.947204590 -0.545315385 -0.461265057 0.277669787 -0.642468095
83.300000 956.346496582 848.381896973 -308.299652100 -0.164670050 -0.078785859 -0.141530722 0.972957194
83.350000 945.071594238 840.296997070 -307.151092529 0.722584128 0.546078742 -0.125310719 -0.404928982
83.400000 934.632934570 833.397460938 -301.048889160 -0.613198161 -0.509072781 0.276428849 -0.537047565
83.450000 921.564147949 830.048645020 -297.614318848 -0.062470894 0.001942572 -0.172267377 0.983065426
83.500000 909.871459961 822.527954102 -296.889434814 0.680448651 0.506981552 -0.090981491 -0.521230996
83.550000 899.651306152 814.965698242 -291.217834473 -0.670038044 -0.547712684 0.270209789 -0.421955705
83.600000 886.816528320 811.610168457 -286.997436523 0.040853161 0.082635917 -0.199901685 0.975470006
83.650000 874.708374023 804.757934570 -286.502960205 0.626059234 0.458754420 -0.055013888 -0.628146291
83.700000 864.603637695 796.640136719 -281.423400879 -0.714811325 -0.576489091 0.259124666 -0.299264967
83.750000 852.087158203 793.083557129 -276.474395752 0.143441468 0.161841184 -0.223936141 0.950307727
83.800000 839.595825195 786.955993652 -276.000762939 0.560395360 0.402265668 -0.018055452 -0.723749518
83.850000 829.495117188 778.429809570 -271.632263184 -0.746711910 -0.594883680 0.243372977 -0.171184987
83.900000 817.358337402 774.492065430 -266.064544678 0.243446499 0.238131806 -0.243937686 0.908031642
83.950000 804.543518066 769.093505859 -265.400207520 0.484639615 0.338532746 0.019228080 -0.806319058
84.000000 794.335083008 760.335327148 -261.810729980 -0.765165329 -0.602565289 0.223238453 -0.040022098
84.050000 782.612548828 755.863708496 -255.778381348 0.339067698 0.310134143 -0.259546220 0.849403203
84.100000 769.557312012 751.146118164 -254.725860596 0.400155962 0.268703073 0.056165326 -0.874367952
84.150000 759.137268066 742.348754883 -251.927627563 -0.769839168 -0.599395335 0.199083760 0.091861762
84.200000 747.833435059 737.229003906 -245.617797852 0.428582788 0.376551360 -0.270480752 0.775478005
84.250000 734.637695312 733.095764160 -244.007476807 0.308466017 0.194034487 0.092091158 -0.926670730
84.300000 723.916931152 724.455200195 -241.955871582 -0.760649204 -0.585431218 0.171343789 0.222091243
84.350000 713.006286621 718.619323730 -235.576141357 0.510379493 0.436187387 -0.276544273 0.687587619
84.400000 699.780517578 714.931640625 -233.277954102 0.211221218 0.115871653 0.126358524 -0.962285221
84.450000 688.691894531 706.632629395 -231.874786377 -0.737761021 -0.560924232 0.140518203 0.348320931
84.500000 678.120788574 700.064147949 -225.637207031 0.582984865 0.487968177 -0.277627617 0.587314785
84.550000 664.977233887 696.651306152 -222.571044922 0.110172734 0.035622235 0.158350319 -0.980570376
84.600000 653.479919434 688.853576660 -221.671585083 -0.701586783 -0.526315868 0.107162140 0.468277723
84.650000 643.170227051 681.588562012 -215.778213501 0.645091474 0.530961335 -0.273711324 0.476465344
84.700000 630.215393066 678.260253906 -211.918762207 0.007140158 -0.045268685 0.187490478 -0.981196761
84.750000 618.297973633 671.087890625 -211.342453003 -0.652777970 -0.482229143 0.071876176 0.579801619
84.800000 608.153259277 663.212158203 -205.970581055 0.695581079 0.564392567 -0.264865786 0.357035249
84.850000 595.479980469 659.772277832 -201.349380493 -0.096021265 -0.125344455 0.213254169 -0.964153230
84.900000 583.160888672 653.304504395 -200.892318726 -0.592213333 -0.429458112 0.035295803 0.680884182
84.950000 573.072387695 644.947753906 -196.182037354 0.733544171 0.587659895 -0.251250386 0.231175408
85.000000 560.753601074 641.207763672 -190.885070801 -0.197453365 -0.203162879 0.235177457 -0.929746568
85.050000 548.080200195 635.473632812 -190.334793091 -0.520983934 -0.368953228 -0.001920166 0.769704819
85.100000 537.935546875 626.800048828 -186.378707886 0.758297205 0.600344241 -0.233110383 0.101152584
85.150000 526.018554688 622.593200684 -180.540588379 -0.295329481 -0.277322501 0.252865553 -0.878596544
85.200000 513.063537598 617.568725586 -179.691421509 -0.440372527 -0.301804185 -0.039101545 0.844664097
85.250000 502.753784180 608.765197754 -176.527954102 0.769394219 0.602217257 -0.210772410 -0.030691624
85.300000 491.256988525 603.957885742 -170.322128296 -0.387886971 -0.346487850 0.265999854 -0.811624229
85.350000 478.113372803 599.568420410 -168.989639282 -0.351830482 -0.229220062 -0.075578764 0.904412150
85.400000 467.542144775 590.831237793 -166.600479126 0.766635537 0.593245268 -0.184638679 -0.161983296
85.450000 456.454101562 585.333190918 -160.226776123 -0.473459333 -0.409413666 0.274343938 -0.730035722
85.500000 443.228424072 581.458374023 -158.261291504 -0.256952494 -0.152507842 -0.110694937 0.947873175
85.550000 432.317535400 572.979003906 -156.572479248 0.750070930 0.573589683 -0.155179888 -0.290358007
85.600000 421.597259521 566.749450684 -150.242599487 -0.550505459 -0.464966506 0.277747452 -0.635300219
85.650000 408.401794434 563.232055664 -147.539810181 -0.157446980 -0.073049158 -0.143817648 0.974264264
85.700000 397.097717285 555.183532715 -146.427215576 0.719998479 0.543604553 -0.122926489 -0.413503885
85.750000 386.677886963 548.234130859 -140.350006104 -0.617637753 -0.512145996 0.276149154 -0.529123545
85.800000 373.622802734 544.891357422 -136.858428955 -0.055105790 0.007725228 -0.174350604 0.983110130
85.850000 361.900024414 537.415649414 -136.156677246 0.676959634 0.503829658 -0.088459156 -0.529203415
85.900000 351.691894531 529.809570312 -130.522521973 -0.673647463 -0.550102472 0.269577742 -0.413417816
85.950000 338.877349854 526.446166992 -126.247375488 0.048227958 0.088360645 -0.201743752 0.974251509
86.000000 326.740478516 519.644470215 -125.761550903 0.621729553 0.454981446 -0.052398749 -0.635372818
86.050000 316.639862061 511.492279053 -120.729263306 -0.717525542 -0.578152418 0.258151501 -0.290266812
86.100000 304.148773193 507.914154053 -115.731887817 0.150693223 0.167404875 -0.225503698 0.947847724
86.150000 291.632080078 501.839141846 -115.251480103 0.555302918 0.397939503 -0.015394695 -0.730099976
86.200000 281.527343750 493.290344238 -110.936874390 -0.748481929 -0.595790386 0.242076248 -0.161888450
86.250000 269.419525146 489.319213867 -105.330291748 0.250444710 0.243434280 -0.245202571 0.904374361
86.300000 256.584594727 483.971557617 -104.644638062 0.478875935 0.333731145 0.021886589 -0.811678767
86.350000 246.364440918 475.203918457 -101.111907959 -0.765958905 -0.602698922 0.221641496 -0.030594828
86.400000 234.671951294 470.689453125 -95.053009033 0.345685780 0.315079719 -0.260485679 0.844614327
86.450000 221.603027344 466.017486572 -93.966041565 0.393825054 0.263512760 0.058773708 -0.878640234
86.500000 211.164062500 457.224853516 -91.223159790 -0.769641995 -0.598753631 0.197215274 0.101249769
86.550000 199.889404297 452.055633545 -84.901214600 0.434701502 0.381050915 -0.271077782 0.769643903
86.600000 186.687759399 447.959350586 -83.245567322 0.301681906 0.188548893 0.094602436 -0.929778337
86.650000 175.942749023 439.337066650 -81.244110107 -0.759464800 -0.584025502 0.169237390 0.231270880
86.700000 165.058425903 433.448944092 -74.867095947 0.515888810 0.440159798 -0.276788026 0.680813193
86.750000 151.834609985 429.786956787 -72.516510010 0.204105869 0.110189497 0.128727391 -0.964172363
86.800000 140.717971802 421.518310547 -71.154571533 -0.735610545 -0.558779776 0.138211817 0.357127130
86.850000 130.168319702 414.898437500 -64.934814453 0.587785602 0.491342008 -0.277513713 0.579721808
86.900000 117.034660339 411.498382568 -61.812397003 0.102854066 0.029845670 0.160534218 -0.981202841
86.950000 105.507583618 403.741333008 -60.942565918 -0.698508918 -0.523471117 0.104697160 0.476552010
87.000000 95.213233948 396.429290771 -55.080627441 0.649097145 0.533675730 -0.273241669 0.468190342
87.050000 82.275497437 393.099945068 -51.165153503 -0.000249975 -0.051035628 0.189449891 -0.980563164
87.100000 70.328483582 385.975677490 -50.604614258 -0.648828089 -0.478735417 0.069297172 0.587394714
87.150000 60.191642761 378.060638428 -45.275604248 0.698719144 0.566398561 -0.264048904 0.348227501
87.200000 47.541458130 374.605743408 -40.602600098 -0.103349335 -0.130997747 0.214953884 -0.962264717
87.250000 35.195171356 368.190002441 -40.146331787 -0.587462723 -0.425378412 0.032649145 0.687658966
87.300000 25.106582642 359.804687500 -35.487213135 0.735758126 0.588921309 -0.250100970 0.221993864
87.350000 12.815086365 356.036865234 -30.146522522 -0.204587266 -0.208600491 0.236586690 -0.926637292
87.400000 0.118850708 350.354705811 -29.581909180 -0.515518129 -0.364361048 -0.004586651 0.775539219
87.450000 -10.033935547 341.665161133 -25.681594849 0.759547055 0.600838304 -0.231649116 0.091762610
87.500000 -21.921295166 337.419769287 -19.810874939 -0.302140832 -0.282446533 0.253958911 -0.874322414
87.550000 -34.893093109 332.443725586 -18.933418274 -0.434289813 -0.296782166 -0.041739874 0.849453092
87.600000 -45.218109131 323.638092041 -15.826312065 0.769657552 0.601935148 -0.209025607 -0.040121078
87.650000 -56.685035706 318.784301758 -9.601455688 -0.394253135 -0.351206154 0.266757756 -0.806262374
87.700000 -69.838218689 314.436096191 -8.228614807 -0.345240682 -0.223858669 -0.078141391 0.908069491
87.750000 -80.431121826 305.710815430 -5.892395020 0.765907705 0.592191935 -0.182637915 -0.171282202
87.800000 -91.491271973 300.161682129 0.485610962 -0.479265571 -0.413641095 0.274752736 -0.723682702
87.850000 -104.718719482 296.318054199 2.500465393 -0.249974132 -0.146903694 -0.113135800 0.950332880
87.900000 -115.655914307 287.863677979 4.143463135 0.748364925 0.571784198 -0.152961031 -0.299358994
87.950000 -126.352081299 281.582000732 10.462585449 -0.555647254 -0.468626946 0.277799726 -0.628070354
88.000000 -139.541305542 278.083740234 13.220306396 -0.150205851 -0.067303255 -0.146092772 0.975482225
88.050000 -150.874481201 270.071441650 14.297393799 0.717345059 0.541079462 -0.120529585 -0.422044635
88.100000 -161.275787354 263.072570801 20.349487305 -0.622022390 -0.515173495 0.275843889 -0.521147370
88.150000 -174.316940308 259.735351562 23.897655487 -0.047732513 0.013509319 -0.176418781 0.983064413
88.200000 -186.069503784 252.304840088 24.576934814 0.673406899 0.500630498 -0.085927539 -0.537130058
88.250000 -196.266052246 244.655761719 30.173248291 -0.677196026 -0.552442491 0.268920541 -0.404839098
88.300000 -209.059936523 241.283737183 34.502471924 0.055600561 0.094078712 -0.203567728 0.972943008
88.350000 -221.225082397 234.532730103 34.980407715 0.617341578 0.451165944 -0.049778081 -0.642542541
88.400000 -231.321640015 226.346725464 39.964935303 -0.720174074 -0.579762757 0.257154256 -0.281240374
88.450000 -243.786956787 222.746856689 45.010124207 0.157932013 0.172953695 -0.227050707 0.945300221
88.500000 -256.328430176 216.724304199 45.497619629 0.550158918 0.393576652 -0.012732232 -0.736383379
88.550000 -266.437072754 208.153442383 49.758148193 -0.750182748 -0.596642315 0.240757063 -0.152577251
88.600000 -278.515960693 204.148818970 55.402763367 0.257419169 0.248713866 -0.246444762 0.900634110
88.650000 -291.370452881 198.851699829 56.110122681 0.473068833 0.328899771 0.024542807 -0.816962957
88.700000 -301.602416992 190.075469971 59.586326599 -0.766681790 -0.602777302 0.220024213 -0.021166597
88.750000 -313.264617920 185.518112183 65.670837402 0.352270544 0.319995046 -0.261400729 0.839748979
88.800000 -326.346343994 180.891326904 66.792617798 0.387459546 0.258299887 0.061375912 -0.882830322
88.850000 -336.803802490 172.104064941 69.480270386 -0.769374073 -0.598057091 0.195329025 0.110625379
88.900000 -348.049011230 166.885650635 75.813507080 0.440778166 0.385513633 -0.271649241 0.763741195
88.950000 -361.255889893 162.825836182 77.514472961 0.294872671 0.183048412 0.097103685 -0.932799220
89.000000 -372.024993896 154.222656250 79.466201782 -0.758211017 -0.582566857 0.167116344 0.240424961
89.050000 -382.882873535 148.282455444 85.839355469 0.521347761 0.444089621 -0.277005821 0.673979759
89.100000 -396.103881836 144.645782471 88.242736816 0.196975842 0.104500726 0.131082684 -0.965969741
89.150000 -407.248352051 136.408477783 89.563751221 -0.733393848 -0.556585550 0.135894269 0.365894496
89.200000 -417.776336670 129.737396240 95.765045166 0.592528582 0.494668126 -0.277373970 0.572081327
89.250000 -430.899444580 126.349609375 98.943710327 0.095531993 0.024071312 0.162701070 -0.981744707
89.300000 -442.456176758 118.633804321 99.784393311 -0.695369542 -0.520581186 0.102224953 0.484774768
89.350000 -452.735229492 111.275177002 105.614440918 0.653038979 0.536338508 -0.272747040 0.459880710
89.400000 -465.655426025 107.944236755 109.585685730 -0.007632248 -0.056791570 0.191389456 -0.979840100
89.450000 -477.631622314 100.868217468 110.131011963 -0.644822836 -0.475201875 0.066714734 0.594925046
89.500000 -487.760742188 92.914733887 115.416778564 0.701789200 0.568350196 -0.263208389 0.339398533
89.550000 -500.387542725 89.444381714 120.141113281 -0.110658795 -0.136631623 0.216631159 -0.960290313
89.600000 -512.760620117 83.080566406 120.597229004 -0.582664192 -0.421265215 0.030003246 0.694361567
89.650000 -522.849426270 74.667236328 125.205108643 0.737901330 0.590126932 -0.248929903 0.212804690
89.700000 -535.113403320 70.871582031 130.589080811 -0.211692318 -0.214011043 0.237971693 -0.923447490
89.750000 -547.831970215 65.241416931 131.168182373 -0.510012925 -0.359742373 -0.007248497 0.781293690
89.800000 -557.992736816 56.536621094 135.012802124 0.760725200 0.601276457 -0.230168611 0.082378715
89.850000 -569.850280762 52.252704620 140.915588379 -0.308913767 -0.287536472 0.255026817 -0.869974971
89.900000 -582.838378906 47.324684143 141.821517944 -0.428177059 -0.291741192 -0.044369750 0.854156196
89.950000 -593.178710938 38.517333984 144.872451782 0.769849718 0.601598203 -0.207262442 -0.049530957
90.000000 -604.615844727 33.617183685 151.115997314 -0.400572240 -0.355884016 0.267489463 -0.800835729
90.050000 -617.778259277 29.309995651 152.529083252 -0.338630557 -0.218486220 -0.080692083 0.911637008
90.100000 -628.392700195 20.596862793 154.812576294 0.765110731 0.591086209 -0.180623814 -0.180548728
90.150000 -639.424926758 14.996803284 161.194595337 -0.485017210 -0.417822748 0.275135100 -0.717274845
90.200000 -652.653808594 11.184320450 163.258666992 -0.242985815 -0.141296685 -0.115561329 0.952700794
90.250000 -663.617065430 2.755065918 164.856109619 0.746593356 0.569929779 -0.150732443 -0.308315158
90.300000 -674.289184570 -3.578399658 171.164093018 -0.560727894 -0.472237259 0.277825981 -0.620797098
90.350000 -687.471862793 -7.057917595 173.976440430 -0.142965332 -0.061562676 -0.148349464 0.976608157
90.400000 -698.833862305 -15.033905029 175.018554688 0.714631200 0.538509905 -0.118126601 -0.430529267
90.450000 -709.216674805 -22.081604004 181.045349121 -0.626340806 -0.518147528 0.275513649 -0.513140023
90.500000 -722.243652344 -25.413537979 184.649551392 -0.040370464 0.019279938 -0.178466007 0.982928574
90.550000 -734.025573730 -32.798980713 185.306671143 0.669799984 0.497392446 -0.083393589 -0.544990242
90.600000 -744.210449219 -40.490661621 190.865264893 -0.680674493 -0.554726779 0.268239826 -0.396242231
90.650000 -756.983581543 -43.871047974 195.248107910 0.062951513 0.099775329 -0.205368727 0.971548140
90.700000 -769.176574707 -50.571716309 195.718261719 0.612906694 0.447317868 -0.047158767 -0.649636984
90.750000 -779.269104004 -58.791076660 200.655334473 -0.722750306 -0.581316531 0.256135523 -0.272208840
90.800000 -791.708679199 -62.412479401 205.747955322 0.165139660 0.178473890 -0.228573129 0.942671895
90.850000 -804.274658203 -68.382728577 206.242614746 0.544976234 0.389188021 -0.010074794 -0.742584765
90.900000 -814.387207031 -76.975097656 210.449310303 -0.751810849 -0.597437739 0.239418715 -0.143273741
90.950000 -826.437011719 -81.013137817 216.131515503 0.264353871 0.253958225 -0.247661278 0.896820009
91.000000 -839.310668945 -86.259887695 216.860656738 0.467231840 0.324049801 0.027190574 -0.822159886
91.050000 -849.554077148 -95.044555664 220.280487061 -0.767332494 -0.602800369 0.218390435 -0.011758628
91.100000 -861.186035156 -99.644355774 226.390487671 0.358807474 0.324869394 -0.262289584 0.834818184
91.150000 -874.280395508 -104.226211548 227.546585083 0.381073505 0.253075987 0.063966304 -0.886929452
91.200000 -884.755981445 -113.008056641 230.179443359 -0.769035995 -0.597307622 0.193429351 0.119968228
91.250000 -895.971740723 -118.275054932 236.524139404 0.446799666 0.389930278 -0.272194505 0.757782757
91.300000 -909.183654785 -122.298309326 238.269897461 0.288052738 0.177544683 0.099590130 -0.935727239
91.350000 -919.976196289 -130.882812500 240.172058105 -0.756890595 -0.581058502 0.164984927 0.249534801
91.400000 -930.807617188 -136.874298096 246.541595459 0.526745856 0.447969317 -0.277197748 0.667100966
91.450000 -944.025695801 -140.485687256 248.996902466 0.189844623 0.098816030 0.133420616 -0.967674255
91.500000 -955.197265625 -148.691894531 250.277313232 -0.731115103 -0.554345489 0.133569419 0.374607861
91.550000 -965.703552246 -155.413208008 256.460235596 0.597206593 0.497941226 -0.277209133 0.564405918
91.600000 -978.815917969 -158.788589478 259.694335938 0.088217527 0.018307872 0.164848417 -0.982195258
91.650000 -990.401489258 -166.463378906 260.506134033 -0.692173421 -0.517649770 0.099748485 0.492935061
91.700000 -1000.665039062 -173.867706299 266.304351807 0.656912684 0.538946211 -0.272228450 0.451546729
91.750000 -1013.567443848 -177.200195312 270.330566406 -0.014998356 -0.062530123 0.193307579 -0.979028702
91.800000 -1025.572265625 -184.227874756 270.860992432 -0.640766919 -0.471632034 0.064131305 0.602385521
91.850000 -1035.693237305 -192.219360352 276.103729248 0.704789042 0.570245683 -0.262345433 0.330556005
91.900000 -1048.296142578 -195.704711914 280.878906250 -0.117944047 -0.142241970 0.218285620 -0.958231688
91.950000 -1060.695312500 -202.016342163 281.334716797 -0.577821374 -0.417121053 0.027359230 0.700987935
92.000000 -1070.783691406 -210.457092285 285.891143799 0.739973307 0.591276050 -0.247738048 0.203612700
92.050000 -1083.019409180 -214.280609131 291.317993164 -0.218765631 -0.219392225 0.239332736 -0.920178592
92.100000 -1095.759643555 -219.858551025 291.911987305 -0.504470408 -0.355098575 -0.009905510 0.786966622
92.150000 -1105.928222656 -228.578125000 295.700439453 0.761831939 0.601658523 -0.228669345 0.073002867
92.200000 -1117.755371094 -232.900909424 301.634704590 -0.315647602 -0.292591482 0.256069809 -0.865554810
92.250000 -1130.759155273 -237.780273438 302.569671631 -0.422034889 -0.286681563 -0.046991788 0.858773589
92.300000 -1141.114379883 -246.588256836 305.563903809 0.769971430 0.601206422 -0.205482796 -0.058921624
92.350000 -1152.520629883 -251.534973145 311.825500488 -0.406845301 -0.360521764 0.268195629 -0.795343935
92.400000 -1165.691528320 -255.800796509 313.279357910 -0.331999302 -0.213101909 -0.083231889 0.915115595
92.450000 -1176.327392578 -264.500976562 315.509704590 0.764245152 0.589927673 -0.178595871 -0.189784974
92.500000 -1187.330810547 -270.152099609 321.894989014 -0.490716428 -0.421959728 0.275491714 -0.710810661
92.550000 -1200.560302734 -273.933227539 324.008666992 -0.235985190 -0.135684803 -0.117973067 0.954978049
92.600000 -1211.549194336 -282.336547852 325.560302734 0.744756222 0.568025410 -0.148492813 -0.317230463
92.650000 -1222.196777344 -288.721771240 331.856384277 -0.565750599 -0.475798905 0.277826726 -0.613476992
92.700000 -1235.371826172 -292.182312012 334.723632812 -0.135721371 -0.055824298 -0.150589779 0.977643132
92.750000 -1246.762207031 -300.120910645 335.730529785 0.711855710 0.535894275 -0.115715690 -0.438963354
92.800000 -1257.125854492 -307.217315674 341.731170654 -0.630596697 -0.521069884 0.275158614 -0.505095840
92.850000 -1270.137329102 -310.543762207 345.391662598 -0.033013567 0.025041351 -0.180494651 0.982702851
92.900000 -1281.948120117 -317.883361816 346.026550293 0.666136026 0.494112700 -0.080854766 -0.552791119
92.950000 -1292.120727539 -325.617309570 351.546722412 -0.684086919 -0.556957364 0.267535448 -0.387619019
93.000000 -1304.872070312 -329.006225586 355.983154297 0.070288673 0.105456077 -0.207149163 0.970065892
93.050000 -1317.092407227 -335.655456543 356.445800781 0.608420670 0.443433046 -0.044537805 -0.656664252
93.100000 -1327.180175781 -343.907348633 361.334472656 -0.725258052 -0.582815111 0.255094498 -0.263161898
93.150000 -1339.592529297 -347.550689697 366.474182129 0.172325075 0.183971778 -0.230073348 0.939959943
93.200000 -1352.181884766 -353.467651367 366.976501465 0.539748788 0.384768069 -0.007418811 -0.748712122
93.250000 -1362.297607422 -362.080871582 371.128387451 -0.753368735 -0.598177552 0.238059789 -0.133965731
93.300000 -1374.316894531 -366.152587891 376.848083496 0.271258354 0.259174585 -0.248854369 0.892927229
93.350000 -1387.208740234 -371.347900391 377.599365234 0.461357057 0.319174141 0.029833809 -0.827277243
93.400000 -1397.463134766 -380.139709473 380.961853027 -0.767912745 -0.602767944 0.216738030 -0.002356995
93.450000 -1409.063354492 -384.782745361 387.096343994 0.365306914 0.329710186 -0.263153940 0.829814494
93.500000 -1422.169189453 -389.318878174 388.288085938 0.374657005 0.247832388 0.066549242 -0.890944719
93.550000 -1432.662597656 -398.093750000 390.865142822 -0.768628061 -0.596503675 0.191513151 0.129294381
93.600000 -1443.847900391 -403.410156250 397.219482422 0.452777088 0.394308448 -0.272714704 0.751758277
93.650000 -1457.063232422 -407.396911621 399.011291504 0.281210005 0.172027543 0.102066346 -0.938568115
93.700000 -1467.879150391 -415.960449219 400.863708496 -0.755501866 -0.579497457 0.162839502 0.258617580
93.750000 -1478.682983398 -422.003662109 407.227966309 0.532093644 0.451805979 -0.277364284 0.660164237
93.800000 -1491.896240234 -425.589904785 409.736328125 0.182698905 0.093124822 0.135745287 -0.969289482
93.850000 -1503.094848633 -433.763122559 410.976013184 -0.728770435 -0.552055538 0.131233424 0.383283436
93.900000 -1513.578613281 -440.535186768 417.138488770 0.601828158 0.501167178 -0.277019054 0.556681931
93.950000 -1526.678710938 -443.898864746 420.429260254 0.080897763 0.012545172 0.166979730 -0.982555926
94.000000 -1538.292968750 -451.530761719 421.212646484 -0.688915253 -0.514672160 0.097264111 0.501047015
94.050000 -1548.540771484 -458.980957031 426.977416992 0.660724819 0.541503429 -0.271685302 0.443174839
94.100000 -1561.423828125 -462.315460205 431.059326172 -0.022360170 -0.068260543 0.195207208 -0.978128195
94.150000 -1573.456787109 -469.293792725 431.575073242 -0.636653900 -0.468020409 0.061543189 0.609787762
94.200000 -1583.569580078 -477.322753906 436.773193359 0.707723081 0.572088182 -0.261458904 0.321686894
94.250000 -1596.147460938 -480.824340820 441.599029541 -0.125215456 -0.147836953 0.219919339 -0.956086278
94.300000 -1608.572021484 -487.082885742 442.055786133 -0.572927713 -0.412940532 0.024714034 0.707547307
94.350000 -1618.660156250 -495.549926758 446.559509277 0.741976559 0.592370629 -0.246524170 0.194406062
94.400000 -1630.866577148 -499.402191162 452.028442383 -0.225815818 -0.224751070 0.240671143 -0.916827023
94.450000 -1643.627563477 -504.927368164 452.638275146 -0.498884141 -0.350424349 -0.012560159 0.792565346
94.500000 -1653.803466797 -513.660644531 456.370117188 0.762868404 0.601985574 -0.227150068 0.063624181
94.550000 -1665.598876953 -518.022277832 462.335174561 -0.322349668 -0.297617882 0.257088989 -0.861057222
94.600000 -1678.617065430 -522.852905273 463.299499512 -0.415856510 -0.281597644 -0.049608238 0.863310635
94.650000 -1688.987060547 -531.660705566 466.236755371 0.770022392 0.600759983 -0.203685343 -0.068303317
94.700000 -1700.362060547 -536.654052734 472.515441895 -0.413078576 -0.365125090 0.268877029 -0.789781630
94.750000 -1713.539916992 -540.878662109 474.010498047 -0.325340152 -0.207700074 -0.085762851 0.918509305
94.800000 -1724.196289062 -549.564575195 476.187835693 0.763309658 0.588715851 -0.176552683 -0.199000657
94.850000 -1735.170654297 -555.266601562 482.575012207 -0.496368617 -0.426057041 0.275823176 -0.704283476
94.900000 -1748.399169922 -559.017211914 484.738861084 -0.228964984 -0.130062148 -0.120373115 0.957167327
94.950000 -1759.413574219 -567.392761230 486.245239258 0.742851257 0.566069841 -0.146240577 -0.326114476
95.000000 -1770.036132812 -573.829284668 492.527832031 -0.570720136 -0.479316413 0.277802318 -0.606102586
95.050000 -1783.202148438 -577.271728516 495.450317383 -0.128466696 -0.050082147 -0.152815804 0.978588521
95.100000 -1794.620361328 -585.171875000 496.422607422 0.709015489 0.533230186 -0.113294899 -0.447355449
95.150000 -1804.965087891 -592.316589355 502.395751953 -0.634793878 -0.523944199 0.274778634 -0.497006983
95.200000 -1817.960571289 -595.638977051 506.112518311 -0.025655108 0.030799692 -0.182506368 0.982387245
95.250000 -1829.799926758 -602.931457520 506.726928711 0.662411809 0.490788043 -0.078309171 -0.560540259
95.300000 -1839.960937500 -610.706787109 512.206665039 -0.687436283 -0.559136748 0.266806781 -0.378961444
95.350000 -1852.689453125 -614.106201172 516.696533203 0.077618457 0.111126825 -0.208910316 0.968495071
95.400000 -1864.936645508 -620.703186035 517.153564453 0.603879392 0.439507842 -0.041913241 -0.663630843
95.450000 -1875.021240234 -628.986633301 521.992248535 -0.727699161 -0.584260345 0.254030287 -0.254091501
95.500000 -1887.405883789 -632.653930664 527.178344727 0.179494187 0.189452767 -0.231552258 0.937162220
95.550000 -1900.018554688 -638.517578125 527.690673828 0.534472287 0.380313009 -0.004762536 -0.754770637
95.600000 -1910.139404297 -647.150146484 531.786926270 -0.754857600 -0.598862588 0.236679167 -0.124645993
95.650000 -1922.128295898 -651.257324219 537.542724609 0.278137594 0.264367044 -0.250024408 0.888952971
95.700000 -1935.037963867 -656.401977539 538.318603516 0.455440372 0.314269483 0.032473985 -0.832318604
95.750000 -1945.304687500 -665.199462891 541.623535156 -0.768422544 -0.602680504 0.215065867 0.007044253
95.800000 -1956.873779297 -669.886779785 547.781005859 0.371772289 0.334520638 -0.263993949 0.824735463
95.850000 -1969.990356445 -674.378417969 549.009765625 0.368207008 0.242566630 0.069125570 -0.894878149
95.900000 -1980.502929688 -683.145019531 551.531921387 -0.768149793 -0.595645368 0.189579785 0.138607383
95.950000 -1991.658081055 -688.511230469 557.894897461 0.458711952 0.398649991 -0.273209661 0.745666146
96.000000 -2004.876708984 -692.462646484 559.733642578 0.274342984 0.166495651 0.104532421 -0.941322565
96.050000 -2015.717163086 -701.004821777 561.537109375 -0.754044175 -0.577883840 0.160679743 0.267674655
96.100000 -2026.494873047 -707.100097656 567.894592285 0.537391305 0.455600679 -0.277505368 0.653168797
96.150000 -2039.703613281 -710.663085938 570.456787109 0.175538406 0.087426297 0.138056904 -0.970815837
96.200000 -2050.930664062 -718.802734375 571.657409668 -0.726359725 -0.549715698 0.128886074 0.391921729
96.250000 -2061.393310547 -725.625610352 577.798950195 0.606393337 0.504346848 -0.276803672 0.548909128
